CertID,CertificateName,CertificateSource,Cost,CrsHours,StudentID
1,AWS,Udemy,96.64,30,301
2,GCP,Coursera,86.94,10,302
3,Scrum,Coursera,63.36,20,303
4,GCP,Edraak,66.65,20,303
5,Python,LinkedIn,93.51,30,304
6,Oracle,Udemy,40.94,20,304
7,AWS,Coursera,53.7,30,305
8,Azure,Coursera,30.53,20,305
9,Oracle,Edraak,20.99,20,306
10,GCP,LinkedIn,41.01,30,306
11,Python,Udemy,28.74,10,306
12,Azure,Udemy,36.33,10,307
13,Azure,LinkedIn,18.24,20,308
14,Azure,Udemy,69.59,10,309
15,Python,Edraak,92.45,30,309
16,Scrum,LinkedIn,66.42,10,310
17,AWS,Coursera,16.18,10,310
18,Scrum,Udemy,49.77,10,310
19,Python,Udemy,75.29,20,311
20,Oracle,LinkedIn,66.75,10,311
21,AWS,Coursera,75.49,10,311
22,Python,Udemy,16.76,10,312
23,AWS,Coursera,12.78,30,312
24,Oracle,Coursera,14.32,20,313
25,Azure,Coursera,38.02,20,313
26,Oracle,LinkedIn,73.91,10,314
27,AWS,Udemy,59.35,30,314
28,Azure,LinkedIn,71.71,10,315
29,Azure,LinkedIn,79.53,30,315
30,Scrum,Udemy,76.4,10,316
31,GCP,Udemy,26.32,20,317
32,Scrum,Coursera,54.25,20,318
33,Scrum,LinkedIn,42.12,20,318
34,Oracle,Edraak,38.07,30,318
35,Scrum,Udemy,59.87,10,319
36,GCP,LinkedIn,31.24,10,319
37,Python,Edraak,40.82,10,320
38,Oracle,Edraak,62.38,30,321
39,AWS,Coursera,46.56,30,321
40,GCP,LinkedIn,58.97,10,322
41,Scrum,Udemy,23.05,10,322
42,Python,Edraak,71.11,30,322
43,GCP,Edraak,50.87,30,323
44,GCP,Edraak,57.27,30,323
45,Oracle,Edraak,37.11,20,323
46,Python,Edraak,25.94,30,324
47,Oracle,Udemy,65.86,30,325
48,AWS,Edraak,21.93,30,325
49,Oracle,Coursera,29.75,30,326
50,GCP,Udemy,91.32,10,327
51,Oracle,Edraak,69.68,10,328
52,Azure,Udemy,76.0,20,328
53,GCP,Edraak,76.58,30,329
54,Azure,Edraak,75.2,10,329
55,Oracle,Udemy,85.5,10,330
56,Oracle,LinkedIn,67.47,30,331
57,Azure,Coursera,94.94,30,331
58,Scrum,Coursera,31.71,30,332
59,Scrum,Udemy,32.98,30,332
60,Azure,Coursera,74.3,20,333
61,Azure,Coursera,83.51,10,333
62,Python,Udemy,59.41,10,334
63,Scrum,Coursera,55.91,30,334
64,Azure,Edraak,11.18,10,334
65,Scrum,Edraak,57.9,20,335
66,GCP,Coursera,42.69,20,335
67,Scrum,Coursera,41.11,30,335
68,GCP,LinkedIn,21.98,30,336
69,Oracle,LinkedIn,24.49,20,337
70,Python,LinkedIn,93.34,30,337
71,Python,Udemy,37.88,30,338
72,AWS,Edraak,34.22,20,338
73,GCP,Coursera,73.85,20,339
74,Scrum,LinkedIn,40.87,30,339
75,AWS,Edraak,33.36,30,340
76,Azure,Edraak,38.93,20,341
77,AWS,Coursera,21.26,10,342
78,Azure,Coursera,91.68,30,342
79,Python,Edraak,60.39,10,343
80,AWS,Udemy,97.47,20,343
81,Scrum,Udemy,15.03,30,343
82,Scrum,Udemy,12.14,30,344
83,Python,Udemy,68.84,10,344
84,Azure,Coursera,24.84,20,344
85,Oracle,LinkedIn,46.68,30,345
86,AWS,LinkedIn,88.37,10,346
87,Python,Udemy,59.74,20,346
88,Oracle,LinkedIn,36.06,30,347
89,AWS,Coursera,63.85,30,347
90,Oracle,LinkedIn,29.92,30,347
91,Scrum,LinkedIn,26.68,30,348
92,Scrum,Edraak,63.21,30,348
93,Azure,Coursera,29.56,20,349
94,AWS,Coursera,24.56,10,350
95,Python,Udemy,48.85,20,351
96,Oracle,LinkedIn,62.33,20,351
97,Oracle,LinkedIn,67.12,20,352
98,GCP,Coursera,28.95,10,353
99,GCP,Udemy,26.51,10,353
100,Python,Edraak,91.88,20,354
101,Python,LinkedIn,26.25,20,354
102,GCP,Edraak,98.26,10,354
103,Oracle,Edraak,89.13,20,355
104,AWS,Udemy,44.88,30,356
105,GCP,Edraak,11.24,30,356
106,Python,LinkedIn,14.84,10,357
107,Scrum,Edraak,80.35,30,358
108,Scrum,Udemy,81.4,30,359
109,Scrum,LinkedIn,88.88,30,360
110,Scrum,Coursera,18.82,20,360
111,Python,Edraak,94.65,30,360
112,Scrum,Edraak,35.66,20,361
113,Azure,Coursera,38.26,30,362
114,Azure,LinkedIn,19.29,20,362
115,AWS,LinkedIn,84.61,10,362
116,Oracle,Coursera,51.45,10,363
117,Oracle,Edraak,73.49,10,363
118,AWS,Edraak,14.76,30,363
119,GCP,Coursera,89.79,20,364
120,Scrum,Udemy,64.19,20,364
121,Oracle,Coursera,14.24,20,364
122,GCP,Coursera,94.45,30,365
123,AWS,Edraak,87.79,10,365
124,GCP,LinkedIn,57.04,30,365
125,GCP,Coursera,79.09,20,366
126,GCP,Coursera,71.19,30,367
127,Oracle,Edraak,86.24,10,368
128,GCP,LinkedIn,64.89,10,368
129,Scrum,Coursera,94.15,10,369
130,Python,Coursera,66.57,20,370
131,Scrum,Edraak,70.69,20,370
132,Oracle,LinkedIn,72.07,10,371
133,AWS,Edraak,52.39,30,371
134,Scrum,Coursera,37.43,20,371
135,Scrum,Udemy,79.04,30,372
136,GCP,Udemy,52.05,20,372
137,Oracle,LinkedIn,35.03,20,372
138,Azure,LinkedIn,35.19,20,373
139,Python,LinkedIn,78.7,20,373
140,GCP,LinkedIn,28.54,20,374
141,AWS,LinkedIn,36.69,20,374
142,AWS,Coursera,18.5,20,374
143,GCP,Edraak,99.15,10,375
144,GCP,Coursera,91.5,10,375
145,Oracle,LinkedIn,37.07,30,375
146,GCP,LinkedIn,67.43,20,376
147,Python,Udemy,25.6,10,377
148,AWS,Coursera,86.68,10,377
149,Azure,Udemy,72.43,20,377
150,Python,Coursera,34.29,10,378
151,AWS,Coursera,76.74,10,378
152,AWS,LinkedIn,83.1,20,378
153,Python,Coursera,99.57,30,379
154,Oracle,LinkedIn,18.68,30,379
155,Azure,Udemy,80.08,10,380
156,Azure,Coursera,25.55,20,380
157,Scrum,Udemy,33.64,20,381
158,Python,Coursera,55.8,10,381
159,Python,LinkedIn,13.89,10,381
160,Scrum,Edraak,50.38,30,382
161,Azure,LinkedIn,72.45,10,382
162,GCP,Udemy,70.92,30,383
163,Oracle,Coursera,95.26,20,383
164,AWS,Edraak,84.15,30,384
165,GCP,LinkedIn,46.51,30,384
166,Python,Udemy,92.97,10,384
167,Python,Udemy,61.45,10,385
168,Azure,Udemy,73.07,30,385
169,Python,LinkedIn,97.87,30,386
170,Oracle,Udemy,28.73,20,386
171,Python,Edraak,41.54,30,386
172,GCP,Coursera,59.4,30,387
173,Python,Coursera,71.94,30,387
174,GCP,LinkedIn,73.04,30,388
175,Scrum,Coursera,96.07,30,388
176,GCP,Edraak,10.17,10,388
177,Scrum,Udemy,47.79,10,389
178,Python,LinkedIn,59.7,30,389
179,Scrum,Edraak,19.79,30,390
180,GCP,LinkedIn,63.95,20,390
181,Oracle,Edraak,17.38,10,391
182,Oracle,Udemy,46.07,30,391
183,Oracle,Coursera,90.63,10,392
184,Python,Udemy,11.02,30,393
185,AWS,Udemy,63.47,30,394
186,Oracle,LinkedIn,75.77,30,395
187,Python,Edraak,47.97,30,396
188,Azure,Coursera,64.87,10,397
189,Azure,Udemy,20.88,30,397
190,AWS,LinkedIn,66.11,10,398
191,GCP,Udemy,79.62,10,398
192,Python,Udemy,30.49,20,398
193,Azure,Edraak,33.31,20,399
194,Oracle,Coursera,56.42,30,400
195,Python,Coursera,32.89,30,401
196,Scrum,Edraak,58.77,30,401
197,Azure,Udemy,29.32,10,401
198,Azure,Edraak,48.25,20,402
199,Scrum,LinkedIn,17.3,30,403
200,AWS,LinkedIn,27.71,10,404
201,Azure,Udemy,50.15,30,404
202,GCP,Udemy,17.26,20,404
203,Python,Edraak,84.29,20,405
204,Oracle,Udemy,23.89,10,405
205,AWS,Edraak,99.15,30,406
206,Python,LinkedIn,82.19,20,406
207,Azure,Udemy,69.19,30,406
208,Oracle,Udemy,12.87,20,407
209,GCP,Edraak,68.3,30,407
210,Azure,LinkedIn,85.59,10,407
211,Python,Coursera,77.66,10,408
212,Python,Coursera,84.77,30,409
213,Azure,Coursera,67.52,20,409
214,Azure,LinkedIn,77.2,20,410
215,Oracle,Edraak,95.89,20,410
216,Scrum,LinkedIn,91.43,10,411
217,Python,Edraak,52.1,10,411
218,Azure,Udemy,39.92,10,411
219,Azure,LinkedIn,78.93,30,412
220,AWS,Udemy,32.2,30,412
221,Python,Edraak,80.32,10,412
222,Oracle,Edraak,71.11,20,413
223,Oracle,Coursera,95.68,10,413
224,Python,Coursera,23.81,30,414
225,AWS,LinkedIn,64.5,20,414
226,GCP,Coursera,89.14,30,415
227,Azure,Udemy,33.6,10,416
228,Oracle,Edraak,48.4,20,416
229,Azure,LinkedIn,23.61,10,417
230,Oracle,Coursera,15.73,20,417
231,GCP,Edraak,39.96,20,417
232,Oracle,Edraak,53.19,20,418
233,AWS,Coursera,90.09,20,418
234,GCP,Edraak,33.44,30,419
235,Scrum,Coursera,80.69,20,419
236,AWS,LinkedIn,53.94,20,419
237,Python,Coursera,31.15,10,420
238,GCP,Udemy,29.72,30,420
239,Python,Coursera,98.05,10,420
240,Azure,Udemy,37.24,30,421
241,Oracle,Coursera,80.15,30,421
242,GCP,Coursera,99.33,10,421
243,Python,Udemy,14.93,10,422
244,Scrum,Coursera,27.13,20,422
245,GCP,Udemy,19.49,10,422
246,Python,Udemy,19.84,30,423
247,Scrum,Edraak,81.64,10,423
248,Scrum,Coursera,79.4,30,424
249,Oracle,Edraak,60.86,30,424
250,Azure,Udemy,72.48,30,425
251,Scrum,Udemy,88.73,20,425
252,AWS,Udemy,91.65,10,426
253,Python,LinkedIn,28.96,30,426
254,AWS,Coursera,47.76,10,426
255,Oracle,LinkedIn,60.56,10,427
256,AWS,Udemy,58.86,20,427
257,AWS,Edraak,59.08,20,428
258,AWS,LinkedIn,68.41,30,428
259,Scrum,LinkedIn,86.21,20,428
260,GCP,Coursera,20.8,20,429
261,AWS,Coursera,19.52,20,429
262,Azure,LinkedIn,80.04,10,430
263,GCP,Edraak,89.91,10,430
264,AWS,Coursera,99.27,30,430
265,Scrum,LinkedIn,22.2,30,431
266,Azure,Udemy,11.49,10,432
267,Python,LinkedIn,93.47,10,432
268,Python,Edraak,24.24,30,433
269,GCP,Udemy,53.84,30,433
270,Azure,Udemy,16.21,10,434
271,Python,Edraak,29.94,10,434
272,Python,LinkedIn,44.53,10,434
273,Azure,LinkedIn,51.58,20,435
274,Scrum,LinkedIn,21.87,20,435
275,Oracle,Coursera,68.81,30,435
276,GCP,LinkedIn,12.39,10,436
277,Python,Edraak,95.74,30,436
278,GCP,LinkedIn,35.78,10,436
279,Oracle,Udemy,33.36,30,437
280,Scrum,LinkedIn,80.32,30,437
281,Scrum,LinkedIn,18.45,30,437
282,Oracle,Udemy,65.28,30,438
283,AWS,LinkedIn,53.23,10,438
284,AWS,Edraak,31.73,30,439
285,AWS,Coursera,17.69,10,439
286,AWS,LinkedIn,86.47,20,440
287,Azure,Coursera,99.28,30,441
288,Azure,LinkedIn,28.3,30,441
289,GCP,Coursera,62.82,20,441
290,Python,Coursera,28.7,10,442
291,Azure,Edraak,15.09,30,442
292,AWS,Udemy,30.78,30,442
293,Azure,LinkedIn,97.55,20,443
294,GCP,Edraak,33.86,30,444
295,GCP,Edraak,79.19,20,444
296,Azure,LinkedIn,56.68,20,444
297,Scrum,Udemy,36.11,20,445
298,Python,LinkedIn,93.0,10,445
299,Oracle,Edraak,12.14,20,445
300,Oracle,LinkedIn,61.16,30,446
301,Python,Edraak,21.31,10,446
302,Python,LinkedIn,20.85,20,446
303,Scrum,Udemy,27.2,20,447
304,AWS,Udemy,38.54,30,447
305,Azure,Coursera,59.01,30,448
306,Oracle,Coursera,64.01,10,448
307,Scrum,Coursera,25.86,10,448
308,Oracle,Udemy,38.45,30,449
309,AWS,Edraak,49.09,10,450
310,AWS,Udemy,96.41,20,450
311,Azure,Udemy,73.84,30,450
312,Scrum,Udemy,27.28,20,451
313,Scrum,Edraak,36.15,20,452
314,Azure,Udemy,89.5,30,453
315,GCP,Coursera,75.15,10,453
316,Azure,Edraak,89.72,10,453
317,AWS,Edraak,32.1,10,454
318,AWS,Udemy,55.03,30,455
319,AWS,Udemy,36.25,30,455
320,Oracle,LinkedIn,48.79,30,455
321,Scrum,Udemy,12.34,10,456
322,Oracle,Udemy,63.71,20,456
323,Scrum,Udemy,88.8,20,457
324,AWS,Udemy,53.82,30,458
325,Scrum,Edraak,57.74,20,458
326,Python,Coursera,74.17,30,459
327,Oracle,LinkedIn,60.7,10,459
328,Scrum,Edraak,83.18,10,459
329,Azure,Coursera,55.79,20,460
330,Scrum,LinkedIn,41.52,30,460
331,GCP,Coursera,91.59,20,460
332,GCP,LinkedIn,58.56,30,461
333,Python,Udemy,72.46,10,462
334,AWS,Coursera,85.21,20,462
335,Scrum,LinkedIn,73.7,30,463
336,Oracle,Udemy,22.53,20,464
337,Oracle,Edraak,14.26,10,464
338,GCP,Udemy,90.5,10,464
339,Azure,Udemy,96.29,10,465
340,GCP,Edraak,89.22,30,465
341,Scrum,Edraak,93.63,30,465
342,Azure,Coursera,50.76,20,466
343,Azure,Edraak,32.62,20,467
344,Oracle,LinkedIn,23.37,30,467
345,Oracle,LinkedIn,70.03,30,467
346,Scrum,Coursera,96.38,20,468
347,Oracle,Udemy,58.91,20,469
348,Azure,LinkedIn,77.93,30,470
349,GCP,Coursera,64.8,30,470
350,Oracle,Udemy,52.01,10,471
351,Scrum,Coursera,54.96,20,472
352,AWS,Udemy,46.0,20,473
353,Python,Edraak,37.33,10,473
354,Python,Udemy,63.56,30,473
355,Oracle,Edraak,11.74,20,474
356,Python,Edraak,60.44,10,474
357,GCP,Udemy,82.71,30,475
358,Azure,Edraak,74.18,10,475
359,Python,Udemy,22.13,30,475
360,GCP,Coursera,17.38,20,476
361,Scrum,LinkedIn,27.04,30,477
362,Azure,Coursera,41.51,20,477
363,AWS,LinkedIn,10.54,20,478
364,Azure,Edraak,70.35,10,478
365,GCP,Udemy,17.23,10,479
366,Oracle,Coursera,89.21,10,479
367,Python,Edraak,39.39,10,480
368,Python,Coursera,78.0,20,480
369,Oracle,LinkedIn,19.36,10,480
370,GCP,Coursera,57.48,30,481
371,Scrum,LinkedIn,42.41,20,481
372,GCP,Udemy,89.89,30,482
373,Scrum,LinkedIn,99.49,30,482
374,AWS,LinkedIn,74.02,30,482
375,AWS,LinkedIn,39.7,10,483
376,Scrum,LinkedIn,35.72,20,483
377,Python,LinkedIn,27.47,10,483
378,Oracle,LinkedIn,99.47,20,484
379,GCP,LinkedIn,35.67,20,485
380,Python,LinkedIn,12.1,10,485
381,Python,Edraak,76.39,30,486
382,Python,Udemy,38.09,20,486
383,Oracle,Edraak,77.75,30,486
384,Azure,LinkedIn,73.54,20,487
385,AWS,Edraak,48.32,10,488
386,Oracle,Coursera,92.22,30,489
387,GCP,LinkedIn,24.57,20,489
388,Scrum,Coursera,58.58,20,490
389,Azure,LinkedIn,98.84,30,490
390,Azure,Coursera,14.06,20,490
391,Oracle,Udemy,83.48,20,491
392,Python,Edraak,93.91,20,491
393,Oracle,LinkedIn,67.11,30,492
394,Azure,Udemy,53.64,20,493
395,Scrum,Udemy,56.37,10,494
396,Python,Udemy,30.41,10,494
397,GCP,Udemy,68.58,20,494
398,Scrum,Edraak,93.79,30,495
399,Azure,Udemy,77.08,20,495
400,Oracle,Edraak,28.69,20,496
401,Scrum,LinkedIn,92.45,10,496
402,Scrum,Coursera,11.93,30,497
403,AWS,Coursera,11.76,10,498
404,Oracle,LinkedIn,46.84,10,499
405,Oracle,Coursera,55.73,30,499
406,Oracle,Edraak,37.76,30,499
407,Scrum,Coursera,45.23,10,500
408,Oracle,LinkedIn,80.03,20,500
409,AWS,Udemy,87.72,30,500
410,Azure,Edraak,15.62,10,501
411,Azure,Udemy,83.17,30,501
412,GCP,Udemy,43.16,20,502
413,Scrum,Udemy,97.86,10,503
414,Scrum,LinkedIn,87.79,30,503
415,AWS,LinkedIn,25.05,10,504
416,Scrum,Udemy,29.13,10,504
417,Python,Coursera,78.75,20,505
418,AWS,Coursera,49.47,20,506
419,GCP,LinkedIn,11.78,10,506
420,GCP,LinkedIn,33.88,10,506
421,Python,Edraak,10.86,30,507
422,Azure,Coursera,93.58,10,507
423,AWS,Edraak,86.84,10,508
424,Scrum,LinkedIn,43.96,10,509
425,Oracle,Edraak,16.44,10,509
426,Azure,LinkedIn,41.36,20,510
427,AWS,LinkedIn,35.22,30,510
428,Python,LinkedIn,72.53,30,510
429,Scrum,Udemy,92.69,10,511
430,Scrum,LinkedIn,70.66,10,511
431,Python,Udemy,50.07,20,511
432,Azure,Edraak,72.62,20,512
433,GCP,Edraak,92.93,30,513
434,AWS,Coursera,22.7,30,514
435,Scrum,Coursera,33.63,30,514
436,Scrum,Edraak,21.63,10,514
437,Scrum,Edraak,31.3,10,515
438,AWS,LinkedIn,42.83,30,515
439,Oracle,Coursera,40.31,30,516
440,GCP,Edraak,42.47,30,516
441,Scrum,Coursera,33.38,10,516
442,AWS,Udemy,13.38,10,517
443,Scrum,LinkedIn,10.15,20,518
444,AWS,Udemy,85.36,30,518
445,Oracle,Coursera,86.29,10,518
446,Azure,Coursera,82.4,10,519
447,GCP,LinkedIn,58.72,30,520
448,GCP,Udemy,17.28,10,521
449,Scrum,Edraak,59.61,20,521
450,Azure,Edraak,70.99,20,522
451,Python,LinkedIn,94.69,30,522
452,Azure,Udemy,24.89,10,523
453,Python,Edraak,82.61,20,523
454,Oracle,Coursera,11.59,20,524
455,Azure,Udemy,65.8,30,525
456,Python,LinkedIn,77.87,10,525
457,AWS,LinkedIn,32.61,30,526
458,Python,LinkedIn,22.75,10,526
459,Scrum,Udemy,95.23,30,527
460,Scrum,Edraak,17.44,20,527
461,Azure,Coursera,37.37,20,528
462,AWS,Coursera,37.56,10,528
463,Python,Coursera,71.84,20,528
464,Azure,LinkedIn,88.78,10,529
465,GCP,Edraak,29.19,10,529
466,Python,Edraak,29.44,10,530
467,Azure,LinkedIn,78.63,10,530
468,GCP,Coursera,48.31,10,531
469,Scrum,Udemy,50.99,30,532
470,Python,Udemy,90.58,10,532
471,AWS,Edraak,90.62,20,533
472,Oracle,LinkedIn,42.71,10,534
473,Azure,Coursera,81.46,20,534
474,GCP,Coursera,58.73,30,535
475,Azure,Coursera,29.09,20,535
476,AWS,Coursera,83.27,10,535
477,AWS,Edraak,78.01,10,536
478,Azure,Coursera,42.72,10,536
479,Scrum,Coursera,83.59,30,536
480,GCP,Coursera,69.72,20,537
481,AWS,Coursera,75.62,20,538
482,Oracle,Edraak,70.03,20,538
483,GCP,Edraak,56.93,20,538
484,Azure,Edraak,26.66,20,539
485,Oracle,Edraak,52.08,20,540
486,Python,LinkedIn,85.73,20,540
487,Azure,Udemy,54.48,20,541
488,AWS,Coursera,64.27,10,541
489,Azure,LinkedIn,84.23,20,542
490,Scrum,Edraak,22.39,10,542
491,AWS,LinkedIn,44.68,30,543
492,Azure,Udemy,55.83,10,544
493,GCP,LinkedIn,16.81,20,544
494,Python,Coursera,75.81,30,545
495,Python,Edraak,51.09,20,546
496,Scrum,Udemy,20.82,20,547
497,AWS,Edraak,63.06,30,547
498,Python,Udemy,43.75,10,548
499,AWS,LinkedIn,40.41,20,548
500,Azure,LinkedIn,28.01,20,549
501,Oracle,LinkedIn,29.59,30,550
502,Oracle,Edraak,97.88,20,550
503,Azure,LinkedIn,89.42,20,551
504,GCP,Edraak,93.14,30,551
505,Oracle,Coursera,41.08,30,551
506,Scrum,LinkedIn,29.72,10,552
507,Python,Udemy,74.12,30,552
508,GCP,Coursera,92.78,30,552
509,Python,Edraak,67.38,10,553
510,Scrum,Udemy,46.74,20,553
511,Oracle,Coursera,66.17,20,553
512,AWS,Edraak,45.62,10,554
513,Python,Edraak,95.29,20,554
514,AWS,Coursera,54.44,20,555
515,Scrum,Coursera,60.62,20,555
516,Oracle,Coursera,17.78,30,556
517,Scrum,Coursera,15.77,10,556
518,Python,LinkedIn,85.05,30,556
519,AWS,Coursera,75.63,20,557
520,Scrum,Udemy,67.76,20,557
521,Azure,Edraak,26.75,20,558
522,AWS,Edraak,67.51,10,558
523,Oracle,LinkedIn,47.57,10,559
524,GCP,Udemy,40.03,10,560
525,Oracle,Udemy,76.1,10,560
526,GCP,LinkedIn,17.52,30,561
527,AWS,Udemy,69.95,10,561
528,Oracle,Coursera,12.9,30,561
529,Azure,Udemy,40.61,20,562
530,GCP,Udemy,20.84,10,562
531,AWS,Udemy,87.45,30,563
532,Scrum,Coursera,39.22,30,564
533,GCP,Udemy,99.46,10,564
534,Oracle,Udemy,79.76,10,564
535,AWS,Edraak,85.64,20,565
536,Azure,Coursera,81.14,30,565
537,Python,LinkedIn,78.57,30,565
538,AWS,Coursera,60.97,20,566
539,Scrum,Udemy,41.48,30,566
540,GCP,Edraak,42.55,10,567
541,AWS,Coursera,30.01,10,567
542,GCP,Edraak,91.19,10,568
543,Scrum,LinkedIn,27.38,10,569
544,Azure,Edraak,68.62,10,569
545,GCP,Edraak,72.32,20,569
546,GCP,LinkedIn,19.86,30,570
547,Python,LinkedIn,72.26,30,570
548,GCP,Udemy,46.81,30,571
549,AWS,Udemy,17.93,20,571
550,Azure,Edraak,59.75,10,571
551,Azure,Coursera,83.66,20,572
552,Scrum,Edraak,75.65,20,572
553,Scrum,Edraak,39.63,20,573
554,AWS,Udemy,21.89,20,573
555,Python,LinkedIn,98.15,30,573
556,Azure,Coursera,59.86,10,574
557,Oracle,LinkedIn,21.38,10,575
558,Oracle,Udemy,77.6,30,575
559,GCP,Edraak,41.58,10,576
560,Python,Coursera,46.5,20,576
561,Python,Udemy,15.88,10,577
562,Scrum,Udemy,11.34,10,577
563,GCP,Edraak,27.99,30,578
564,Oracle,Coursera,11.75,30,578
565,Scrum,Edraak,25.04,20,578
566,GCP,Edraak,26.68,10,579
567,Oracle,Udemy,40.39,30,579
568,GCP,LinkedIn,21.3,20,579
569,Oracle,Udemy,24.93,20,580
570,Azure,Edraak,12.36,10,580
571,Oracle,LinkedIn,33.54,20,580
572,Scrum,Coursera,27.32,30,581
573,GCP,LinkedIn,88.69,10,581
574,Oracle,Coursera,40.55,20,581
575,Python,LinkedIn,75.54,10,582
576,Azure,Udemy,80.97,30,582
577,Python,Udemy,98.1,10,582
578,Python,Edraak,11.1,10,583
579,Python,Edraak,21.96,10,584
580,Azure,LinkedIn,67.65,30,585
581,GCP,Udemy,42.3,10,586
582,AWS,Udemy,18.73,30,586
583,Oracle,Udemy,58.87,20,587
584,Oracle,LinkedIn,60.93,30,587
585,Azure,LinkedIn,88.43,30,587
586,Python,Edraak,65.47,30,588
587,Scrum,LinkedIn,58.78,20,588
588,AWS,Udemy,73.88,20,589
589,GCP,Edraak,75.32,10,589
590,Python,Udemy,63.68,20,589
591,Azure,LinkedIn,86.81,30,590
592,GCP,Udemy,58.75,10,590
593,Python,LinkedIn,19.79,20,591
594,Oracle,Udemy,31.95,20,591
595,Azure,Coursera,64.29,10,591
596,GCP,Coursera,44.12,10,592
597,GCP,LinkedIn,51.07,20,592
598,GCP,Coursera,16.36,30,593
599,Python,Edraak,89.55,20,593
600,GCP,Edraak,98.87,20,593
601,AWS,Udemy,93.54,20,594
602,Oracle,Edraak,97.85,10,594
603,GCP,Udemy,41.36,10,595
604,Scrum,Udemy,33.46,20,595
605,Azure,Udemy,29.89,30,596
606,Scrum,Edraak,47.98,20,596
607,GCP,Udemy,23.94,10,597
608,Scrum,Edraak,53.82,10,598
609,Scrum,LinkedIn,50.27,30,599
610,GCP,LinkedIn,17.54,20,599
611,Scrum,Udemy,30.71,20,600
612,GCP,Coursera,38.1,20,600
613,Scrum,LinkedIn,62.33,30,600
614,Scrum,Udemy,43.45,10,601
615,AWS,Edraak,67.84,10,602
616,Oracle,Udemy,77.82,30,602
617,Python,Udemy,65.18,30,602
618,AWS,Coursera,73.16,30,603
619,Scrum,LinkedIn,50.29,20,604
620,GCP,LinkedIn,57.18,20,604
621,Scrum,LinkedIn,27.95,10,604
622,AWS,Coursera,97.81,20,605
623,Scrum,Edraak,32.59,10,605
624,Scrum,Udemy,45.45,30,606
625,Oracle,Coursera,55.39,20,606
626,Python,Coursera,74.22,20,606
627,Python,LinkedIn,34.13,10,607
628,GCP,Coursera,61.99,30,608
629,Scrum,Edraak,74.6,30,608
630,Scrum,Edraak,69.1,10,609
631,AWS,LinkedIn,35.98,20,609
632,AWS,Edraak,21.79,20,609
633,AWS,Edraak,42.21,10,610
634,Azure,Edraak,86.7,30,610
635,Python,Udemy,68.48,10,611
636,Scrum,Coursera,14.45,10,611
637,GCP,LinkedIn,71.51,10,611
638,Scrum,Coursera,13.33,20,612
639,Scrum,Udemy,32.97,10,613
640,AWS,Udemy,58.79,20,613
641,GCP,LinkedIn,91.1,20,613
642,AWS,Edraak,14.73,10,614
643,Scrum,LinkedIn,49.37,10,615
644,Python,Udemy,76.36,20,616
645,Python,LinkedIn,63.89,10,616
646,GCP,Coursera,84.72,20,617
647,GCP,Udemy,77.1,30,617
648,Azure,Edraak,61.16,30,618
649,Scrum,LinkedIn,45.86,30,619
650,Python,Coursera,58.39,20,619
651,Scrum,Edraak,16.83,10,620
652,AWS,Udemy,31.41,30,620
653,AWS,Edraak,64.2,30,621
654,Azure,LinkedIn,13.81,20,621
655,Oracle,Udemy,30.32,10,622
656,GCP,Udemy,44.34,10,623
657,Azure,LinkedIn,15.2,20,623
658,AWS,LinkedIn,24.55,30,624
659,Scrum,Edraak,54.77,20,624
660,Scrum,LinkedIn,96.75,30,625
661,AWS,LinkedIn,32.95,10,625
662,Oracle,Edraak,56.3,30,626
663,Python,Edraak,46.44,10,626
664,Oracle,LinkedIn,55.28,30,627
665,Oracle,LinkedIn,57.4,20,628
666,Azure,Udemy,37.62,20,628
667,Azure,Udemy,13.71,30,629
668,Oracle,Coursera,88.71,30,629
669,Azure,Udemy,44.03,10,630
670,Azure,LinkedIn,98.59,30,630
671,GCP,LinkedIn,89.11,20,630
672,Python,Udemy,87.85,30,631
673,Oracle,Coursera,70.71,20,632
674,Oracle,Coursera,59.49,20,633
675,Scrum,Coursera,51.05,20,634
676,AWS,Udemy,13.54,20,634
677,GCP,Edraak,39.39,20,634
678,Oracle,Udemy,72.13,30,635
679,Azure,LinkedIn,27.55,30,635
680,Python,Coursera,28.8,30,636
681,Azure,Udemy,89.61,10,636
682,AWS,Edraak,97.13,10,636
683,AWS,Udemy,54.29,30,637
684,Scrum,Udemy,91.34,20,638
685,Python,LinkedIn,60.65,30,638
686,Python,Udemy,54.85,10,638
687,Azure,Udemy,28.08,20,639
688,Scrum,Udemy,76.61,30,640
689,Oracle,Edraak,63.74,10,640
690,Azure,Udemy,63.07,30,640
691,Azure,Udemy,89.92,10,641
692,Azure,Udemy,49.95,30,641
693,GCP,Edraak,89.51,20,641
694,AWS,Edraak,14.44,30,642
695,Oracle,Edraak,64.17,10,642
696,AWS,Udemy,64.36,30,642
697,Azure,LinkedIn,62.18,30,643
698,Scrum,Udemy,59.14,10,644
699,Oracle,Udemy,17.88,30,644
700,Python,Coursera,74.28,10,645
701,Scrum,Udemy,84.75,20,646
702,Oracle,Udemy,94.99,20,647
703,AWS,Edraak,74.75,10,647
704,GCP,LinkedIn,70.59,10,647
705,GCP,Edraak,89.99,20,648
706,AWS,Edraak,58.23,30,648
707,AWS,Coursera,11.05,30,648
708,Scrum,Edraak,69.53,10,649
709,Scrum,Udemy,24.77,10,649
710,AWS,LinkedIn,76.89,30,649
711,GCP,Udemy,67.98,10,650
712,AWS,Coursera,91.6,10,650
713,Python,Coursera,92.67,20,650
714,Azure,Udemy,75.46,10,651
715,Python,LinkedIn,37.0,30,652
716,Oracle,Udemy,82.08,10,652
717,Scrum,Edraak,34.07,10,652
718,Scrum,Udemy,37.63,20,653
719,GCP,Udemy,40.54,20,653
720,GCP,Udemy,34.0,20,653
721,Oracle,Edraak,59.4,20,654
722,Oracle,Coursera,23.98,30,655
723,Azure,Udemy,17.34,30,655
724,AWS,Edraak,49.53,10,655
725,AWS,Coursera,36.29,10,656
726,Python,LinkedIn,79.23,30,656
727,Azure,Udemy,97.24,10,656
728,Python,Udemy,98.48,20,657
729,GCP,Coursera,38.98,30,658
730,Azure,Coursera,15.04,20,659
731,Azure,LinkedIn,85.56,20,659
732,AWS,LinkedIn,81.39,20,660
733,Oracle,LinkedIn,17.87,20,660
734,Python,LinkedIn,73.17,30,661
735,Oracle,Udemy,75.15,10,661
736,Azure,LinkedIn,43.03,30,662
737,Scrum,Coursera,15.22,10,662
738,GCP,Coursera,14.23,10,663
739,Scrum,Udemy,40.97,30,663
740,Python,Udemy,29.04,20,663
741,AWS,Coursera,53.09,30,664
742,Azure,Edraak,90.65,20,664
743,Scrum,Coursera,98.67,20,665
744,Oracle,Coursera,84.18,20,666
745,Oracle,Coursera,43.61,10,666
746,Scrum,Edraak,67.89,30,666
747,GCP,Coursera,52.73,10,667
748,GCP,Udemy,82.66,20,667
749,Oracle,Udemy,85.57,30,667
750,Scrum,LinkedIn,39.83,10,668
751,Oracle,Udemy,24.5,30,668
752,GCP,Edraak,20.41,10,669
753,Python,Udemy,38.94,30,669
754,AWS,Udemy,71.5,10,669
755,Azure,LinkedIn,77.34,10,670
756,Azure,Udemy,84.28,20,671
757,Azure,Udemy,39.76,10,672
758,Oracle,Udemy,52.16,30,672
759,AWS,Edraak,52.6,10,672
760,Scrum,Udemy,25.06,20,673
761,AWS,Edraak,18.62,10,673
762,GCP,Udemy,40.75,20,673
763,Python,Edraak,62.64,10,674
764,Python,Udemy,85.66,20,675
765,Python,Edraak,50.73,20,675
766,Python,LinkedIn,66.36,30,675
767,Azure,Udemy,15.08,10,676
768,AWS,Edraak,59.28,10,677
769,AWS,Edraak,69.64,20,678
770,Azure,Edraak,10.29,20,678
771,Azure,Udemy,42.46,30,678
772,AWS,Edraak,65.1,30,679
773,Python,Edraak,79.63,20,679
774,Azure,Udemy,29.24,10,679
775,Azure,LinkedIn,76.7,20,680
776,GCP,LinkedIn,79.82,20,680
777,Python,Coursera,87.0,10,680
778,Python,Coursera,43.68,30,681
779,GCP,LinkedIn,95.83,30,682
780,Python,Udemy,50.49,20,682
781,AWS,Udemy,87.26,30,682
782,Oracle,Edraak,16.84,10,683
783,Python,Edraak,89.06,30,683
784,GCP,LinkedIn,20.2,10,684
785,AWS,Edraak,13.66,20,685
786,Scrum,Udemy,34.71,10,686
787,Oracle,LinkedIn,80.94,30,686
788,Python,LinkedIn,66.81,10,686
789,AWS,Udemy,79.79,20,687
790,Azure,Edraak,84.91,30,687
791,Scrum,LinkedIn,28.26,10,687
792,GCP,Udemy,68.55,10,688
793,Scrum,LinkedIn,87.73,20,688
794,AWS,LinkedIn,98.39,10,689
795,Oracle,Coursera,81.63,30,690
796,Azure,Edraak,99.93,30,690
797,Python,Coursera,12.96,20,690
798,Azure,LinkedIn,85.52,20,691
799,Scrum,Coursera,57.97,20,691
800,AWS,Coursera,26.65,30,691
801,Python,Edraak,11.15,30,692
802,Scrum,LinkedIn,43.48,30,692
803,Python,Edraak,88.28,10,693
804,GCP,Coursera,66.54,30,693
805,Python,Udemy,82.41,20,694
806,AWS,Edraak,62.69,30,695
807,Scrum,Edraak,16.54,30,696
808,Azure,Edraak,88.78,20,696
809,Oracle,Udemy,53.64,30,696
810,Scrum,Udemy,65.59,10,697
811,AWS,Edraak,43.18,10,697
812,Python,LinkedIn,10.5,20,698
813,GCP,Udemy,76.31,10,698
814,GCP,Udemy,32.51,20,699
815,AWS,Edraak,91.38,30,700
816,Scrum,Udemy,72.16,30,700
817,Oracle,Edraak,36.2,10,700
818,Oracle,Udemy,20.03,20,701
819,Python,Coursera,22.85,10,701
820,Azure,Coursera,14.56,10,701
821,AWS,Udemy,64.65,10,702
822,AWS,Edraak,11.12,20,702
823,GCP,LinkedIn,58.38,20,702
824,AWS,LinkedIn,91.57,20,703
825,GCP,Edraak,31.08,10,704
826,GCP,Udemy,37.1,20,704
827,Python,LinkedIn,97.52,20,704
828,Scrum,Udemy,90.59,30,705
829,Scrum,Coursera,93.18,10,706
830,Oracle,Coursera,62.31,20,707
831,Scrum,Coursera,54.15,10,708
832,Oracle,Coursera,37.68,10,708
833,GCP,Edraak,36.48,30,708
834,Oracle,LinkedIn,29.32,30,709
835,Python,LinkedIn,25.95,10,709
836,Azure,Udemy,78.79,10,710
837,AWS,Edraak,64.86,10,711
838,Azure,LinkedIn,97.03,20,711
839,Azure,LinkedIn,41.73,30,712
840,Scrum,Udemy,33.61,30,713
841,AWS,Udemy,31.21,30,713
842,AWS,Coursera,55.7,30,714
843,Python,Edraak,74.87,30,715
844,AWS,Edraak,77.17,10,715
845,Azure,Udemy,52.64,20,716
846,Python,Edraak,91.32,10,716
847,Scrum,Edraak,69.1,20,717
848,AWS,Coursera,74.98,10,717
849,GCP,Coursera,46.58,10,717
850,GCP,LinkedIn,18.54,10,718
851,GCP,Edraak,49.41,30,718
852,Azure,LinkedIn,15.29,20,718
853,GCP,LinkedIn,27.19,30,719
854,Scrum,Coursera,91.12,10,719
855,GCP,LinkedIn,98.02,30,720
856,AWS,Coursera,77.24,20,720
857,Scrum,Udemy,22.96,30,720
858,Azure,LinkedIn,47.27,10,721
859,Scrum,Edraak,73.25,30,721
860,GCP,Coursera,63.41,30,721
861,Oracle,Edraak,38.54,20,722
862,GCP,LinkedIn,41.41,30,723
863,Python,Udemy,99.62,10,723
864,Oracle,Udemy,98.48,20,724
865,Python,Udemy,47.39,10,724
866,Azure,LinkedIn,20.1,10,725
867,GCP,LinkedIn,31.96,20,725
868,Python,Coursera,64.7,20,726
869,Azure,Coursera,33.16,30,727
870,Oracle,Udemy,23.43,10,727
871,AWS,Udemy,46.32,30,727
872,Oracle,Edraak,52.94,30,728
873,GCP,Udemy,45.62,20,728
874,GCP,Udemy,18.94,10,729
875,Azure,Edraak,14.16,30,730
876,Scrum,LinkedIn,82.43,10,730
877,Scrum,Udemy,78.83,30,730
878,Azure,Edraak,91.88,30,731
879,Python,LinkedIn,35.17,30,731
880,Azure,Edraak,29.71,30,731
881,Oracle,Udemy,82.03,30,732
882,GCP,Edraak,23.46,20,732
883,Oracle,LinkedIn,86.07,30,733
884,Scrum,Udemy,93.68,30,734
885,Oracle,Coursera,18.08,20,734
886,AWS,Coursera,47.11,20,734
887,Azure,Udemy,20.83,30,735
888,Oracle,LinkedIn,98.92,30,736
889,GCP,Coursera,36.86,20,736
890,Oracle,Udemy,12.17,20,736
891,Azure,Udemy,97.68,20,737
892,Python,LinkedIn,62.99,20,737
893,AWS,LinkedIn,22.39,20,738
894,Azure,Edraak,32.02,20,738
895,Python,Coursera,77.8,10,738
896,AWS,LinkedIn,63.06,10,739
897,Python,Udemy,67.56,30,740
898,Scrum,Coursera,52.65,20,741
899,Azure,Edraak,87.74,10,741
900,Scrum,Udemy,16.68,30,741
901,Scrum,Coursera,76.76,10,742
902,Oracle,LinkedIn,49.4,20,742
903,Python,Coursera,93.58,20,743
904,Python,LinkedIn,29.1,20,743
905,Oracle,Edraak,82.5,10,743
906,Scrum,Edraak,50.35,30,744
907,Oracle,Udemy,62.69,30,745
908,Oracle,Coursera,44.92,20,745
909,Python,Coursera,59.02,30,746
910,Scrum,LinkedIn,58.57,20,747
911,Python,LinkedIn,75.91,20,748
912,Oracle,Udemy,66.12,20,749
913,Azure,Edraak,21.53,10,749
914,AWS,Coursera,81.14,20,750
915,GCP,Edraak,11.01,10,750
916,Scrum,Edraak,20.28,10,751
917,Scrum,Udemy,80.27,30,751
918,AWS,Coursera,15.97,20,751
919,Scrum,Udemy,10.4,30,752
920,Scrum,Coursera,98.68,20,753
921,Python,LinkedIn,21.13,30,753
922,GCP,LinkedIn,73.56,20,754
923,GCP,Coursera,89.88,30,755
924,Python,Coursera,21.8,30,755
925,Azure,Udemy,91.52,10,756
926,GCP,Edraak,85.69,20,757
927,AWS,LinkedIn,39.32,20,757
928,Python,Edraak,60.54,20,757
929,Azure,LinkedIn,41.94,20,758
930,AWS,Edraak,91.62,30,758
931,Azure,Udemy,77.87,10,759
932,Azure,Edraak,12.28,30,759
933,Python,Coursera,26.85,20,759
934,AWS,LinkedIn,46.47,20,760
935,Scrum,Edraak,50.3,20,760
936,Azure,LinkedIn,28.87,20,760
937,Scrum,Edraak,95.61,30,761
938,Python,LinkedIn,12.32,20,761
939,GCP,LinkedIn,23.89,30,761
940,Oracle,Edraak,86.33,20,762
941,GCP,Udemy,62.85,20,763
942,Oracle,Edraak,91.19,10,763
943,Scrum,Coursera,73.15,20,763
944,AWS,LinkedIn,30.91,30,764
945,AWS,Coursera,12.59,10,764
946,Oracle,LinkedIn,52.29,20,764
947,AWS,Coursera,26.1,10,765
948,AWS,Udemy,72.0,20,765
949,GCP,Udemy,29.55,10,765
950,Azure,Edraak,38.76,10,766
951,Scrum,Edraak,19.13,20,767
952,Python,LinkedIn,26.73,30,768
953,AWS,Udemy,76.67,10,768
954,GCP,Edraak,99.99,30,769
955,Scrum,Edraak,19.53,10,770
956,Oracle,Edraak,33.49,10,771
957,GCP,Edraak,18.78,20,771
958,GCP,LinkedIn,74.48,30,771
959,Oracle,Edraak,86.33,20,772
960,Scrum,Udemy,46.68,30,773
961,Oracle,Edraak,70.88,20,774
962,Azure,Coursera,97.16,30,774
963,Python,Udemy,74.05,10,774
964,Python,Udemy,86.97,20,775
965,AWS,Edraak,31.27,10,775
966,Scrum,Edraak,94.7,30,776
967,Scrum,Edraak,50.75,30,776
968,Python,Coursera,47.31,30,776
969,Python,Coursera,59.68,10,777
970,Azure,LinkedIn,16.43,20,777
971,GCP,Coursera,54.55,30,777
972,Azure,LinkedIn,32.85,30,778
973,AWS,LinkedIn,73.92,30,779
974,Oracle,Edraak,58.5,10,779
975,Azure,Coursera,22.8,20,779
976,Scrum,Coursera,40.27,30,780
977,Scrum,LinkedIn,39.96,30,780
978,Scrum,Edraak,29.1,20,781
979,Azure,LinkedIn,67.72,10,781
980,Azure,LinkedIn,75.88,20,781
981,Azure,Coursera,88.04,20,782
982,GCP,Udemy,24.85,30,783
983,Python,Edraak,67.21,10,784
984,AWS,Edraak,78.91,10,784
985,AWS,Coursera,90.43,30,785
986,Scrum,LinkedIn,42.78,20,786
987,Azure,Udemy,94.49,20,786
988,Scrum,LinkedIn,57.15,30,786
989,GCP,Udemy,90.75,10,787
990,Oracle,Edraak,45.71,20,788
991,Oracle,Udemy,25.21,20,788
992,Python,Edraak,19.81,20,789
993,Oracle,Udemy,87.81,10,790
994,Azure,Udemy,20.42,30,791
995,Oracle,Udemy,32.74,20,791
996,Python,LinkedIn,99.16,20,792
997,GCP,Coursera,30.56,30,792
998,Python,Udemy,73.7,10,792
999,Oracle,Edraak,21.14,20,793
1000,Azure,LinkedIn,28.93,10,793
1001,Scrum,LinkedIn,82.9,20,794
1002,AWS,Udemy,99.02,10,794
1003,Azure,Coursera,92.14,30,795
1004,AWS,Edraak,93.55,30,795
1005,Scrum,Udemy,21.83,30,796
1006,Azure,Coursera,63.14,10,796
1007,AWS,Udemy,28.62,20,796
1008,GCP,Edraak,80.92,10,797
1009,Python,LinkedIn,97.46,20,798
1010,Scrum,Edraak,27.45,20,799
1011,Scrum,LinkedIn,26.9,20,800
1012,AWS,Udemy,61.61,10,801
1013,Scrum,LinkedIn,70.65,10,801
1014,Python,Edraak,39.98,20,802
1015,Oracle,Udemy,20.75,10,802
1016,Python,Udemy,52.56,20,802
1017,Python,Edraak,58.13,20,803
1018,GCP,LinkedIn,97.91,30,804
1019,AWS,Udemy,57.69,10,804
1020,Scrum,Edraak,93.69,10,805
1021,AWS,Coursera,13.2,30,805
1022,Azure,Coursera,45.79,10,806
1023,GCP,LinkedIn,82.84,20,806
1024,Scrum,Edraak,65.2,10,807
1025,Azure,Edraak,16.54,10,807
1026,Scrum,Udemy,66.87,30,807
1027,AWS,Coursera,34.3,10,808
1028,Scrum,Edraak,66.4,20,808
1029,Oracle,LinkedIn,38.76,20,808
1030,GCP,Coursera,82.54,20,809
1031,GCP,Edraak,58.67,20,809
1032,Scrum,Coursera,44.83,10,810
1033,GCP,Udemy,62.16,30,810
1034,Oracle,Edraak,65.94,30,810
1035,GCP,Coursera,45.6,10,811
1036,Oracle,Coursera,61.4,20,811
1037,GCP,Coursera,41.08,30,812
1038,Azure,Coursera,97.83,30,812
1039,Scrum,Coursera,26.86,10,812
1040,Oracle,LinkedIn,27.46,30,813
1041,Scrum,Coursera,39.67,10,813
1042,Scrum,Udemy,28.61,20,814
1043,Oracle,Coursera,41.11,30,815
1044,Oracle,Udemy,41.81,30,815
1045,AWS,Udemy,94.3,30,816
1046,Oracle,Coursera,80.87,10,816
1047,Azure,Udemy,22.59,20,817
1048,Scrum,Edraak,79.35,30,817
1049,GCP,Coursera,48.02,20,818
1050,Azure,Udemy,18.75,30,819
1051,AWS,Coursera,77.0,20,819
1052,Python,Edraak,37.9,30,820
1053,GCP,Coursera,23.11,20,820
1054,Python,Coursera,11.65,30,821
1055,AWS,LinkedIn,84.88,10,821
1056,Oracle,Coursera,32.21,20,822
1057,Python,LinkedIn,30.83,30,823
1058,Python,Edraak,94.61,30,823
1059,Python,LinkedIn,10.94,10,824
1060,Oracle,Udemy,15.13,10,824
1061,Python,Udemy,94.67,20,825
1062,GCP,Edraak,93.19,10,826
1063,AWS,LinkedIn,60.02,20,827
1064,Python,Udemy,91.0,20,828
1065,Azure,LinkedIn,16.24,20,828
1066,GCP,Coursera,17.63,30,828
1067,GCP,Udemy,17.46,10,829
1068,Oracle,LinkedIn,48.51,20,830
1069,GCP,LinkedIn,36.41,30,830
1070,Scrum,Udemy,44.45,10,830
1071,AWS,Edraak,57.06,10,831
1072,Scrum,Edraak,27.15,30,832
1073,Scrum,Coursera,71.9,20,832
1074,AWS,Edraak,44.24,30,833
1075,AWS,Udemy,52.87,10,834
1076,Scrum,Udemy,33.99,20,834
1077,Scrum,Udemy,18.02,30,835
1078,Oracle,Edraak,24.19,10,835
1079,Scrum,Udemy,31.4,20,836
1080,Python,Udemy,66.18,30,836
1081,Oracle,Edraak,97.7,30,836
1082,Python,LinkedIn,29.17,10,837
1083,Azure,LinkedIn,24.13,30,837
1084,Python,Udemy,64.4,30,838
1085,AWS,Udemy,30.75,20,838
1086,AWS,LinkedIn,16.47,20,838
1087,Scrum,Edraak,46.38,20,839
1088,Oracle,Udemy,92.03,20,839
1089,GCP,Coursera,93.16,30,839
1090,Oracle,Edraak,69.97,10,840
1091,Oracle,Coursera,91.58,20,840
1092,Python,Coursera,27.97,10,840
1093,Scrum,Coursera,24.05,20,841
1094,Scrum,Coursera,26.69,20,841
1095,Azure,Coursera,63.96,20,841
1096,Oracle,Coursera,36.98,20,842
1097,AWS,Edraak,23.24,10,842
1098,Azure,LinkedIn,38.36,10,843
1099,Oracle,Coursera,88.38,10,843
1100,Oracle,Edraak,32.16,30,844
1101,AWS,LinkedIn,24.42,20,844
1102,Oracle,Coursera,96.56,20,845
1103,Python,Udemy,16.46,10,845
1104,Python,LinkedIn,78.1,10,846
1105,Oracle,Edraak,53.0,20,846
1106,Python,Udemy,54.37,30,846
1107,Azure,Edraak,79.47,10,847
1108,GCP,Udemy,53.44,20,847
1109,AWS,Udemy,86.19,30,848
1110,Oracle,LinkedIn,79.33,10,848
1111,Azure,Udemy,48.4,10,848
1112,GCP,LinkedIn,50.35,30,849
1113,GCP,Coursera,62.45,30,850
1114,AWS,LinkedIn,73.61,10,850
1115,Azure,LinkedIn,41.23,10,850
1116,AWS,Edraak,92.17,30,851
1117,Oracle,LinkedIn,84.99,10,851
1118,Azure,Edraak,81.21,20,851
1119,GCP,Coursera,12.72,10,852
1120,GCP,LinkedIn,16.68,20,852
1121,GCP,LinkedIn,65.41,30,852
1122,Scrum,LinkedIn,90.33,10,853
1123,Azure,Coursera,40.27,10,853
1124,GCP,Udemy,55.21,30,853
1125,Scrum,LinkedIn,89.24,20,854
1126,Oracle,LinkedIn,10.7,20,854
1127,Oracle,Udemy,92.74,30,855
1128,Azure,Udemy,27.38,10,855
1129,Oracle,Coursera,46.0,10,855
1130,Scrum,Coursera,28.76,20,856
1131,Scrum,Edraak,95.07,30,856
1132,Azure,Udemy,39.5,10,856
1133,Python,Coursera,24.64,10,857
1134,GCP,Edraak,59.05,30,857
1135,Azure,Edraak,85.5,20,858
1136,Azure,Edraak,83.53,10,858
1137,AWS,Coursera,34.98,20,859
1138,AWS,Coursera,75.94,30,859
1139,Oracle,Coursera,43.61,30,860
1140,AWS,Edraak,61.19,30,860
1141,Azure,Coursera,40.32,30,861
1142,Python,Udemy,24.68,20,861
1143,AWS,Udemy,19.97,20,862
1144,Scrum,LinkedIn,46.21,30,862
1145,Azure,Udemy,57.22,10,863
1146,Scrum,LinkedIn,92.08,20,864
1147,Python,Coursera,84.4,20,864
1148,AWS,Edraak,99.2,30,865
1149,Scrum,Udemy,96.96,10,865
1150,Python,Coursera,38.43,30,865
1151,Azure,LinkedIn,44.98,30,866
1152,GCP,Udemy,35.45,30,867
1153,GCP,Udemy,14.72,20,867
1154,Azure,LinkedIn,94.84,20,868
1155,Scrum,Edraak,83.1,20,868
1156,Oracle,Coursera,19.8,20,868
1157,Oracle,Coursera,90.46,10,869
1158,Scrum,LinkedIn,37.66,10,869
1159,Oracle,LinkedIn,86.44,20,870
1160,AWS,Coursera,52.39,30,870
1161,Python,LinkedIn,86.79,20,871
1162,Python,LinkedIn,30.48,20,872
1163,GCP,Coursera,23.45,30,872
1164,Oracle,Udemy,95.04,20,872
1165,AWS,Coursera,84.14,30,873
1166,Scrum,Edraak,45.57,20,874
1167,Azure,Coursera,52.77,20,874
1168,Oracle,Edraak,60.03,30,875
1169,Scrum,Edraak,27.58,30,875
1170,Oracle,Edraak,84.41,10,875
1171,Scrum,Coursera,70.11,30,876
1172,GCP,Coursera,84.28,20,876
1173,Oracle,Edraak,99.87,30,876
1174,Oracle,Udemy,59.76,10,877
1175,GCP,LinkedIn,74.54,30,877
1176,Scrum,LinkedIn,67.89,30,877
1177,GCP,LinkedIn,17.55,30,878
1178,Azure,Udemy,87.1,20,879
1179,Azure,Coursera,45.49,30,880
1180,Scrum,Edraak,80.07,20,880
1181,Scrum,LinkedIn,45.39,20,881
1182,Python,LinkedIn,42.98,20,882
1183,GCP,LinkedIn,19.84,10,882
1184,Python,LinkedIn,42.08,10,882
1185,AWS,LinkedIn,19.69,30,883
1186,Scrum,LinkedIn,79.5,20,883
1187,AWS,LinkedIn,38.45,10,884
1188,GCP,Coursera,47.12,10,885
1189,AWS,Coursera,62.95,20,885
1190,Oracle,LinkedIn,65.86,20,886
1191,Azure,LinkedIn,80.93,30,887
1192,Python,Udemy,29.32,10,887
1193,Azure,LinkedIn,27.95,30,888
1194,Oracle,Udemy,37.41,20,888
1195,Scrum,Coursera,77.89,10,889
1196,AWS,LinkedIn,52.55,30,889
1197,Scrum,LinkedIn,24.22,20,889
1198,GCP,LinkedIn,62.64,30,890
1199,Python,LinkedIn,82.52,10,891
1200,AWS,Udemy,65.68,30,891
1201,Python,Edraak,71.72,20,892
1202,Oracle,Edraak,44.8,20,893
1203,AWS,Edraak,13.8,20,894
1204,Python,LinkedIn,41.25,10,894
1205,Scrum,Edraak,91.42,10,894
1206,GCP,Edraak,43.7,30,895
1207,Scrum,LinkedIn,58.06,20,896
1208,Scrum,Udemy,23.5,10,896
1209,Python,Coursera,11.66,20,896
1210,Python,LinkedIn,68.2,20,897
1211,Python,Coursera,36.72,10,897
1212,AWS,Coursera,55.68,10,898
1213,Azure,Edraak,95.08,10,898
1214,Python,LinkedIn,99.96,30,898
1215,Azure,Coursera,93.2,10,899
1216,GCP,LinkedIn,47.6,20,899
1217,AWS,Coursera,81.95,30,900
1218,Oracle,Udemy,21.19,20,900
1219,Oracle,Coursera,23.22,10,900
1220,Oracle,Edraak,55.67,20,901
1221,GCP,Coursera,77.3,30,901
1222,Python,Coursera,46.57,20,902
1223,GCP,Coursera,84.85,20,902
1224,Oracle,Udemy,25.04,10,902
1225,Scrum,LinkedIn,87.73,30,903
1226,Azure,Coursera,31.39,10,904
1227,Python,Edraak,12.2,30,905
1228,Oracle,Udemy,64.21,20,905
1229,Oracle,Udemy,90.37,30,905
1230,AWS,Edraak,45.69,30,906
1231,Scrum,Udemy,33.41,20,906
1232,GCP,Coursera,99.18,20,906
1233,Python,Edraak,93.29,20,907
1234,GCP,Edraak,81.84,30,907
1235,Oracle,Edraak,43.9,20,907
1236,Scrum,LinkedIn,26.72,10,908
1237,Azure,Udemy,65.85,10,909
1238,Python,LinkedIn,82.9,10,910
1239,Azure,Udemy,82.26,20,911
1240,Scrum,Coursera,97.62,20,912
1241,Azure,LinkedIn,70.2,30,912
1242,Python,Edraak,69.29,30,913
1243,Scrum,Udemy,86.05,30,914
1244,Python,Coursera,64.24,20,915
1245,Python,Coursera,45.52,20,916
1246,Azure,Coursera,64.07,10,916
1247,GCP,Udemy,80.16,10,917
1248,Scrum,Edraak,62.71,20,918
1249,Oracle,Udemy,20.0,30,919
1250,Oracle,Edraak,88.21,20,920
1251,Azure,Udemy,34.72,10,920
1252,Oracle,Edraak,75.48,30,921
1253,Azure,Edraak,21.24,10,921
1254,Python,Edraak,82.46,30,921
1255,Python,Udemy,24.36,20,922
1256,Scrum,Udemy,72.15,20,922
1257,GCP,Edraak,12.46,30,922
1258,Oracle,Coursera,86.69,30,923
1259,Python,Udemy,72.41,10,923
1260,Scrum,LinkedIn,84.42,30,924
1261,GCP,LinkedIn,15.93,10,925
1262,Python,Udemy,41.36,20,925
1263,Python,Coursera,36.52,10,925
1264,AWS,LinkedIn,25.34,20,926
1265,Python,Coursera,80.19,10,927
1266,Scrum,Udemy,14.99,30,927
1267,Scrum,LinkedIn,20.25,20,928
1268,AWS,LinkedIn,92.66,10,929
1269,GCP,Udemy,96.52,30,929
1270,GCP,LinkedIn,87.59,10,929
1271,Azure,Coursera,89.98,30,930
1272,GCP,LinkedIn,15.33,10,930
1273,GCP,Edraak,62.24,20,931
1274,Oracle,Coursera,54.32,10,931
1275,Python,Udemy,64.12,30,932
1276,GCP,LinkedIn,77.13,30,932
1277,Scrum,Coursera,90.7,10,933
1278,Python,LinkedIn,22.91,10,933
1279,Python,Udemy,53.21,10,933
1280,Oracle,Coursera,44.46,10,934
1281,Oracle,LinkedIn,26.28,20,934
1282,AWS,Udemy,23.05,20,934
1283,AWS,Udemy,47.6,10,935
1284,Scrum,Udemy,11.19,10,936
1285,AWS,Coursera,37.35,10,937
1286,AWS,Udemy,58.23,20,938
1287,AWS,Edraak,82.11,10,938
1288,AWS,Coursera,73.61,30,938
1289,Azure,Udemy,14.83,10,939
1290,AWS,Udemy,62.93,10,939
1291,Scrum,LinkedIn,83.48,30,939
1292,Oracle,Coursera,28.93,30,940
1293,AWS,Edraak,22.66,10,940
1294,Oracle,LinkedIn,55.39,10,941
1295,Python,Coursera,11.26,20,941
1296,Python,LinkedIn,65.5,20,941
1297,Python,LinkedIn,88.86,30,942
1298,Scrum,LinkedIn,57.69,20,943
1299,GCP,Udemy,85.79,30,944
1300,AWS,Udemy,92.38,20,945
1301,GCP,Coursera,30.32,30,945
1302,Oracle,Edraak,32.52,30,945
1303,GCP,Coursera,81.56,20,946
1304,GCP,Edraak,95.09,30,946
1305,Azure,Udemy,33.42,10,946
1306,GCP,Edraak,81.36,10,947
1307,Scrum,Udemy,67.01,10,948
1308,AWS,Coursera,90.28,30,949
1309,Oracle,Edraak,58.19,10,949
1310,GCP,LinkedIn,35.87,20,950
1311,AWS,LinkedIn,71.24,20,951
1312,GCP,LinkedIn,87.77,20,951
1313,GCP,Udemy,95.14,30,951
1314,Python,LinkedIn,81.45,30,952
1315,GCP,Udemy,21.64,20,953
1316,AWS,Coursera,11.04,30,954
1317,AWS,LinkedIn,23.6,30,954
1318,Scrum,LinkedIn,32.99,20,954
1319,Scrum,Udemy,18.1,30,955
1320,Python,Coursera,82.58,30,955
1321,Python,Coursera,44.95,30,956
1322,AWS,Coursera,54.41,30,956
1323,GCP,Edraak,20.44,30,957
1324,Oracle,Edraak,84.86,10,957
1325,Python,Coursera,44.24,20,958
1326,Scrum,Coursera,20.31,30,959
1327,Scrum,Edraak,24.76,20,960
1328,Azure,Edraak,87.25,20,960
1329,Scrum,Udemy,15.61,30,961
1330,GCP,LinkedIn,92.11,30,962
1331,Scrum,Coursera,79.34,20,962
1332,GCP,Udemy,40.62,30,962
1333,Scrum,Udemy,24.57,20,963
1334,Azure,Edraak,70.02,30,963
1335,GCP,Coursera,31.21,10,963
1336,Python,LinkedIn,76.85,20,964
1337,Azure,Udemy,32.02,20,965
1338,Oracle,Udemy,41.57,10,965
1339,Scrum,LinkedIn,59.65,10,966
1340,Python,LinkedIn,83.11,20,966
1341,Azure,Coursera,37.72,30,967
1342,Oracle,Coursera,55.18,30,967
1343,GCP,Udemy,51.88,10,968
1344,Python,LinkedIn,75.19,20,968
1345,GCP,LinkedIn,35.37,20,968
1346,Python,Udemy,81.08,10,969
1347,Scrum,Edraak,11.66,10,969
1348,Oracle,LinkedIn,94.2,20,970
1349,GCP,Edraak,72.44,20,970
1350,Oracle,LinkedIn,56.6,30,971
1351,Python,Edraak,23.45,10,972
1352,Azure,Udemy,45.72,10,972
1353,AWS,Coursera,16.61,30,972
1354,Scrum,LinkedIn,25.74,30,973
1355,Azure,Udemy,75.6,10,973
1356,AWS,Coursera,82.93,20,973
1357,Python,Edraak,50.27,10,974
1358,Python,Udemy,58.32,30,974
1359,AWS,LinkedIn,76.03,10,974
1360,Oracle,Coursera,62.34,10,975
1361,Python,LinkedIn,70.95,10,975
1362,Python,LinkedIn,63.34,30,975
1363,GCP,Coursera,56.09,20,976
1364,GCP,LinkedIn,91.75,10,977
1365,AWS,Udemy,82.67,30,978
1366,Scrum,Edraak,62.85,20,978
1367,Oracle,Udemy,26.43,30,979
1368,GCP,LinkedIn,87.15,10,980
1369,Azure,LinkedIn,46.69,30,980
1370,Azure,Udemy,40.2,30,981
1371,Oracle,Udemy,99.98,10,982
1372,Scrum,Udemy,96.21,30,983
1373,Azure,Coursera,83.14,20,984
1374,AWS,Udemy,50.8,30,985
1375,GCP,Coursera,33.87,30,986
1376,Oracle,Coursera,73.73,20,987
1377,Azure,Udemy,97.92,10,987
1378,AWS,Edraak,51.28,30,987
1379,Oracle,LinkedIn,95.43,30,988
1380,GCP,Edraak,27.77,30,988
1381,Oracle,Edraak,39.24,10,988
1382,GCP,Edraak,46.26,10,989
1383,Oracle,Udemy,32.35,10,989
1384,AWS,Udemy,75.57,20,989
1385,AWS,LinkedIn,70.09,10,990
1386,Azure,Edraak,99.78,10,990
1387,Azure,Coursera,98.36,10,991
1388,Python,Coursera,63.37,10,991
1389,AWS,Coursera,22.25,20,992
1390,AWS,LinkedIn,69.74,30,993
1391,Scrum,LinkedIn,76.04,20,994
1392,GCP,LinkedIn,41.32,20,995
1393,Azure,LinkedIn,14.0,10,996
1394,Python,Edraak,79.05,10,996
1395,Python,LinkedIn,27.56,20,996
1396,GCP,Coursera,32.97,20,997
1397,Azure,Edraak,41.64,20,997
1398,Oracle,Udemy,21.34,30,997
1399,Python,Edraak,51.24,20,998
1400,Oracle,Coursera,15.08,20,998
1401,GCP,Coursera,61.8,10,998
1402,Azure,LinkedIn,19.71,10,999
1403,GCP,Coursera,43.19,20,999
1404,AWS,Edraak,66.0,20,999
1405,AWS,Edraak,95.83,30,1000
1406,GCP,LinkedIn,10.7,20,1001
1407,Oracle,Edraak,34.38,20,1001
1408,GCP,LinkedIn,76.99,30,1002
1409,Oracle,LinkedIn,42.45,20,1002
1410,AWS,Udemy,32.13,10,1002
1411,AWS,Edraak,22.02,30,1003
1412,GCP,Coursera,66.6,20,1004
1413,Oracle,LinkedIn,24.85,30,1005
1414,Azure,Coursera,18.84,30,1006
1415,AWS,LinkedIn,22.3,10,1006
1416,Scrum,Edraak,30.02,10,1007
1417,AWS,Udemy,36.74,10,1008
1418,Scrum,Edraak,51.69,30,1009
1419,Scrum,LinkedIn,28.99,10,1009
1420,Python,Udemy,96.42,10,1009
1421,AWS,LinkedIn,30.33,20,1010
1422,Python,Udemy,45.12,10,1011
1423,Oracle,LinkedIn,32.87,20,1012
1424,Scrum,Edraak,28.8,30,1012
1425,GCP,Udemy,38.88,20,1012
1426,GCP,Edraak,67.19,30,1013
1427,GCP,Coursera,38.34,10,1014
1428,GCP,Udemy,47.89,10,1014
1429,GCP,Udemy,59.28,10,1014
1430,Azure,Coursera,98.62,30,1015
1431,GCP,LinkedIn,75.76,20,1015
1432,Python,Coursera,93.56,20,1016
1433,GCP,Udemy,42.65,30,1016
1434,Scrum,LinkedIn,62.11,10,1017
1435,GCP,LinkedIn,61.66,10,1018
1436,AWS,Edraak,96.07,10,1018
1437,Scrum,Coursera,88.11,10,1019
1438,Scrum,Edraak,56.85,20,1019
1439,GCP,Edraak,10.61,20,1019
1440,Python,Udemy,97.21,30,1020
1441,Oracle,Edraak,31.5,10,1020
1442,GCP,LinkedIn,46.98,30,1020
1443,Scrum,Edraak,95.25,20,1021
1444,Azure,Edraak,14.88,10,1022
1445,Scrum,Udemy,34.88,10,1022
1446,Azure,LinkedIn,42.62,20,1022
1447,Oracle,Coursera,21.2,20,1023
1448,Azure,Edraak,11.85,30,1023
1449,Azure,LinkedIn,61.82,20,1023
1450,Azure,Edraak,13.2,10,1024
1451,AWS,Coursera,34.19,20,1024
1452,Scrum,Coursera,66.53,30,1024
1453,Oracle,Coursera,45.52,10,1025
1454,GCP,Udemy,11.85,20,1025
1455,Oracle,Udemy,37.89,10,1026
1456,Oracle,LinkedIn,87.94,20,1026
1457,GCP,LinkedIn,50.47,10,1027
1458,Python,Coursera,33.49,20,1027
1459,Python,Edraak,27.29,10,1027
1460,Azure,Coursera,64.05,30,1028
1461,AWS,Udemy,71.75,30,1029
1462,Scrum,Coursera,20.58,10,1030
1463,Scrum,LinkedIn,52.42,30,1031
1464,AWS,Coursera,95.24,30,1032
1465,Oracle,Coursera,87.3,30,1032
1466,Oracle,LinkedIn,92.53,30,1032
1467,Oracle,LinkedIn,55.84,30,1033
1468,GCP,Udemy,84.06,10,1033
1469,GCP,Coursera,63.77,10,1034
1470,Azure,Coursera,69.74,20,1034
1471,GCP,Coursera,19.73,20,1035
1472,GCP,Edraak,27.93,30,1036
1473,GCP,LinkedIn,96.68,30,1037
1474,Scrum,Edraak,53.06,10,1038
1475,Scrum,Edraak,32.33,20,1038
1476,Azure,LinkedIn,26.01,20,1038
1477,Scrum,Coursera,18.13,20,1039
1478,Azure,Edraak,56.91,30,1039
1479,Oracle,Udemy,87.88,10,1039
1480,Azure,Udemy,13.18,10,1040
1481,Python,Udemy,44.17,30,1041
1482,AWS,Coursera,54.21,30,1042
1483,GCP,Edraak,72.07,20,1042
1484,AWS,Edraak,18.56,30,1043
1485,AWS,LinkedIn,86.35,20,1043
1486,GCP,Udemy,44.76,20,1044
1487,GCP,Edraak,30.39,20,1045
1488,Python,Coursera,84.45,30,1046
1489,Python,Coursera,17.81,30,1046
1490,AWS,Udemy,67.98,20,1047
1491,Scrum,Coursera,28.26,20,1048
1492,Python,LinkedIn,33.28,30,1048
1493,GCP,LinkedIn,33.93,20,1049
1494,Azure,LinkedIn,40.49,10,1049
1495,AWS,LinkedIn,53.95,30,1049
1496,AWS,Edraak,79.85,20,1050
1497,GCP,LinkedIn,40.97,10,1051
1498,Oracle,Udemy,95.97,10,1052
1499,Scrum,Coursera,65.59,10,1053
1500,AWS,Coursera,25.16,10,1053
1501,AWS,Udemy,50.43,20,1054
1502,Oracle,LinkedIn,99.17,10,1055
1503,Python,Edraak,97.88,20,1056
1504,Scrum,LinkedIn,36.63,10,1056
1505,Azure,Edraak,55.11,10,1057
1506,Oracle,Udemy,99.62,20,1058
1507,Python,Udemy,17.0,30,1059
1508,Scrum,Edraak,14.95,30,1059
1509,Oracle,Coursera,28.23,20,1060
1510,AWS,LinkedIn,16.31,20,1060
1511,GCP,Coursera,66.95,20,1061
1512,Azure,Udemy,50.63,30,1061
1513,GCP,Coursera,37.58,30,1061
1514,AWS,LinkedIn,31.53,10,1062
1515,Azure,Coursera,64.31,30,1062
1516,AWS,Udemy,86.94,30,1063
1517,Azure,Edraak,85.7,30,1063
1518,GCP,Udemy,54.66,20,1064
1519,Scrum,LinkedIn,66.43,10,1064
1520,GCP,Edraak,91.86,20,1064
1521,Python,Edraak,44.46,20,1065
1522,Scrum,LinkedIn,86.62,30,1066
1523,AWS,Udemy,18.87,10,1066
1524,GCP,Udemy,85.37,30,1067
1525,Python,Coursera,41.6,30,1068
1526,Scrum,Coursera,24.76,20,1069
1527,Python,LinkedIn,44.58,30,1069
1528,Scrum,Udemy,30.9,10,1070
1529,GCP,Coursera,16.44,30,1070
1530,Scrum,Edraak,73.93,10,1070
1531,Python,Edraak,61.78,20,1071
1532,GCP,LinkedIn,11.73,10,1071
1533,Oracle,Coursera,15.03,10,1072
1534,Python,Udemy,84.76,20,1072
1535,AWS,LinkedIn,26.92,30,1073
1536,AWS,Edraak,17.09,10,1073
1537,Oracle,Edraak,49.44,20,1074
1538,GCP,Edraak,99.25,20,1075
1539,Python,Coursera,99.89,20,1075
1540,Azure,Udemy,10.46,20,1075
1541,Python,Edraak,85.69,20,1076
1542,Oracle,Edraak,50.38,10,1076
1543,Python,Coursera,47.86,20,1077
1544,GCP,Coursera,81.16,10,1077
1545,Oracle,Edraak,23.88,10,1078
1546,Oracle,Coursera,90.16,20,1078
1547,AWS,Edraak,94.45,10,1078
1548,Python,Udemy,64.66,30,1079
1549,GCP,Udemy,95.16,30,1080
1550,Oracle,Edraak,17.32,20,1080
1551,AWS,Coursera,80.36,20,1081
1552,AWS,Coursera,56.71,30,1081
1553,Scrum,Coursera,69.83,30,1082
1554,Azure,Coursera,80.31,20,1083
1555,Scrum,LinkedIn,72.39,30,1083
1556,Scrum,Coursera,87.45,30,1084
1557,Oracle,LinkedIn,39.62,30,1084
1558,Python,Coursera,30.35,10,1084
1559,Oracle,Coursera,97.88,30,1085
1560,Scrum,LinkedIn,56.74,10,1085
1561,GCP,LinkedIn,91.75,30,1085
1562,Python,Coursera,48.0,20,1086
1563,AWS,LinkedIn,89.31,20,1086
1564,Oracle,Coursera,70.8,30,1086
1565,Oracle,LinkedIn,83.09,30,1087
1566,Scrum,Edraak,20.64,20,1087
1567,Azure,Coursera,28.12,30,1088
1568,GCP,Udemy,68.93,20,1088
1569,Oracle,Edraak,82.75,10,1088
1570,GCP,Coursera,69.98,10,1089
1571,Oracle,Edraak,18.05,30,1089
1572,Python,Coursera,17.24,30,1090
1573,Oracle,LinkedIn,27.97,30,1090
1574,AWS,Edraak,20.51,20,1090
1575,Oracle,LinkedIn,50.75,20,1091
1576,Python,Coursera,72.62,20,1091
1577,Scrum,Edraak,36.14,10,1091
1578,AWS,Udemy,78.47,20,1092
1579,Python,LinkedIn,60.42,30,1093
1580,Python,LinkedIn,62.9,20,1094
1581,Oracle,Coursera,96.91,30,1094
1582,Python,Edraak,51.76,10,1094
1583,Oracle,Edraak,41.29,30,1095
1584,Azure,Edraak,89.61,10,1096
1585,Azure,LinkedIn,82.77,30,1097
1586,Python,Udemy,13.98,30,1098
1587,AWS,Edraak,75.74,20,1098
1588,AWS,Edraak,10.24,20,1098
1589,Azure,LinkedIn,22.98,30,1099
1590,Azure,Udemy,41.46,30,1099
1591,Python,Edraak,28.27,20,1099
1592,AWS,Coursera,75.18,30,1100
1593,Azure,Udemy,74.42,10,1101
1594,Oracle,Udemy,81.76,10,1101
1595,Oracle,LinkedIn,43.17,20,1102
1596,Scrum,Coursera,42.74,30,1102
1597,Azure,Coursera,31.65,20,1103
1598,Python,Udemy,52.54,20,1103
1599,Python,Coursera,95.34,30,1104
1600,Scrum,Udemy,10.36,20,1104
1601,Azure,Edraak,56.47,20,1105
1602,AWS,Edraak,94.88,30,1105
1603,Oracle,LinkedIn,23.41,20,1105
1604,Oracle,Coursera,91.91,10,1106
1605,Azure,LinkedIn,72.44,30,1107
1606,AWS,Coursera,34.25,20,1107
1607,AWS,Udemy,72.35,30,1108
1608,Scrum,Udemy,99.02,30,1109
1609,Oracle,LinkedIn,10.24,30,1109
1610,Oracle,LinkedIn,13.51,10,1109
1611,Python,Udemy,90.41,20,1110
1612,Python,Udemy,98.61,20,1110
1613,AWS,Coursera,93.11,10,1111
1614,Scrum,Udemy,83.01,10,1112
1615,AWS,Udemy,99.69,20,1112
1616,Python,Edraak,83.52,10,1112
1617,Azure,Edraak,84.07,30,1113
1618,Python,Edraak,23.23,10,1113
1619,Scrum,Udemy,19.71,30,1113
1620,Scrum,Coursera,31.35,20,1114
1621,AWS,LinkedIn,19.42,30,1115
1622,Python,Udemy,89.32,20,1116
1623,Python,Edraak,41.07,30,1116
1624,Azure,LinkedIn,67.33,30,1116
1625,Scrum,LinkedIn,56.66,30,1117
1626,AWS,LinkedIn,35.21,30,1117
1627,Python,Edraak,47.47,20,1117
1628,Scrum,Udemy,25.37,10,1118
1629,Scrum,LinkedIn,97.34,20,1118
1630,GCP,Coursera,37.25,20,1119
1631,AWS,LinkedIn,36.34,20,1120
1632,GCP,Edraak,92.31,20,1120
1633,AWS,Udemy,34.29,10,1121
1634,AWS,Coursera,48.97,10,1121
1635,Azure,Edraak,73.35,10,1122
1636,AWS,Coursera,72.16,10,1123
1637,Oracle,LinkedIn,26.07,10,1123
1638,AWS,LinkedIn,64.94,30,1123
1639,Oracle,Udemy,18.31,30,1124
1640,Oracle,Udemy,75.8,10,1125
1641,AWS,LinkedIn,27.54,20,1125
1642,AWS,Udemy,35.31,10,1126
1643,Scrum,Edraak,77.23,20,1127
1644,Python,Edraak,81.76,30,1128
1645,Oracle,Edraak,23.33,30,1129
1646,Oracle,Coursera,73.72,20,1129
1647,Azure,Edraak,81.22,20,1129
1648,Oracle,Udemy,16.15,30,1130
1649,Oracle,Coursera,49.07,10,1131
1650,GCP,Edraak,45.04,10,1131
1651,Azure,LinkedIn,35.35,20,1131
1652,GCP,LinkedIn,16.6,30,1132
1653,AWS,LinkedIn,71.18,10,1132
1654,GCP,Udemy,86.77,10,1132
1655,Azure,Coursera,18.93,10,1133
1656,Oracle,Coursera,87.71,20,1133
1657,Oracle,Edraak,63.78,30,1134
1658,AWS,LinkedIn,15.16,30,1134
1659,Azure,Edraak,25.57,10,1134
1660,Azure,Edraak,22.87,20,1135
1661,AWS,LinkedIn,70.07,20,1135
1662,Python,Udemy,21.54,10,1135
1663,Python,LinkedIn,81.85,10,1136
1664,Oracle,Edraak,14.46,10,1136
1665,Scrum,Edraak,84.02,20,1137
1666,AWS,Edraak,29.99,20,1137
1667,Python,Edraak,48.6,20,1138
1668,Oracle,Udemy,64.32,10,1138
1669,Scrum,Coursera,85.66,10,1138
1670,AWS,LinkedIn,28.66,20,1139
1671,Oracle,Edraak,67.3,30,1139
1672,Python,LinkedIn,65.76,30,1139
1673,GCP,LinkedIn,51.45,20,1140
1674,GCP,LinkedIn,69.39,20,1140
1675,Oracle,LinkedIn,82.4,30,1141
1676,Python,Coursera,29.78,30,1141
1677,AWS,LinkedIn,92.52,30,1142
1678,GCP,Coursera,29.13,20,1142
1679,Azure,Udemy,19.95,30,1142
1680,Python,Edraak,27.96,10,1143
1681,Python,Edraak,74.93,20,1143
1682,Python,Udemy,20.8,20,1144
1683,AWS,Coursera,11.47,30,1144
1684,Scrum,Udemy,38.38,30,1144
1685,AWS,Edraak,85.85,10,1145
1686,Scrum,Udemy,48.02,10,1146
1687,GCP,LinkedIn,62.31,20,1146
1688,Scrum,Coursera,58.32,10,1146
1689,Oracle,Edraak,28.41,20,1147
1690,Scrum,Coursera,13.27,20,1147
1691,Azure,Edraak,18.21,30,1148
1692,AWS,LinkedIn,42.21,30,1148
1693,GCP,Coursera,69.21,10,1148
1694,GCP,Edraak,20.1,20,1149
1695,GCP,Coursera,21.32,30,1149
1696,GCP,Udemy,97.18,10,1150
1697,Python,Coursera,69.87,30,1150
1698,GCP,Edraak,10.23,10,1150
1699,Azure,Coursera,42.39,30,1151
1700,Scrum,Edraak,61.35,10,1152
1701,GCP,Coursera,64.68,20,1152
1702,Oracle,LinkedIn,40.43,10,1153
1703,AWS,Coursera,59.13,10,1154
1704,Python,LinkedIn,79.04,10,1154
1705,Scrum,Coursera,70.35,10,1155
1706,GCP,Udemy,58.36,20,1156
1707,AWS,Edraak,34.08,30,1156
1708,Python,Coursera,52.28,10,1156
1709,Python,LinkedIn,40.41,20,1157
1710,AWS,Coursera,18.96,20,1158
1711,Oracle,LinkedIn,95.53,20,1158
1712,AWS,Coursera,54.43,20,1158
1713,Azure,Coursera,43.74,30,1159
1714,GCP,Coursera,87.83,20,1160
1715,GCP,LinkedIn,93.42,10,1160
1716,Azure,Coursera,23.66,10,1161
1717,Python,Udemy,37.93,20,1162
1718,Python,LinkedIn,44.16,20,1163
1719,Azure,Coursera,96.4,30,1163
1720,Oracle,Udemy,17.04,10,1163
1721,GCP,Edraak,11.3,20,1164
1722,AWS,Coursera,85.56,20,1164
1723,Oracle,Coursera,72.6,10,1164
1724,Python,Edraak,63.64,20,1165
1725,GCP,LinkedIn,43.5,30,1165
1726,Oracle,Coursera,12.51,20,1166
1727,AWS,Udemy,86.53,10,1167
1728,GCP,Udemy,29.0,30,1167
1729,Azure,LinkedIn,91.77,20,1167
1730,Oracle,Edraak,20.0,10,1168
1731,AWS,LinkedIn,69.69,20,1169
1732,GCP,Udemy,40.25,20,1169
1733,GCP,Udemy,55.56,30,1169
1734,Oracle,Coursera,22.68,30,1170
1735,GCP,LinkedIn,64.88,20,1170
1736,AWS,LinkedIn,83.08,10,1170
1737,Python,Coursera,53.31,10,1171
1738,Scrum,Edraak,96.01,30,1171
1739,Scrum,Edraak,44.77,10,1171
1740,Oracle,LinkedIn,49.78,10,1172
1741,Azure,LinkedIn,77.38,30,1172
1742,Oracle,Udemy,28.38,30,1173
1743,Oracle,Edraak,37.7,10,1173
1744,AWS,Coursera,26.34,20,1173
1745,Python,Edraak,64.71,30,1174
1746,Scrum,Udemy,61.3,10,1175
1747,Azure,Udemy,91.97,30,1176
1748,Scrum,Coursera,79.16,20,1176
1749,Python,LinkedIn,11.24,10,1177
1750,Azure,LinkedIn,35.34,20,1177
1751,AWS,LinkedIn,35.25,10,1178
1752,Azure,Udemy,40.35,30,1178
1753,Scrum,Udemy,34.13,30,1179
1754,Azure,Udemy,90.13,10,1180
1755,Oracle,Edraak,29.38,30,1180
1756,Scrum,Udemy,69.98,30,1181
1757,AWS,LinkedIn,72.99,20,1182
1758,Azure,Udemy,30.71,10,1182
1759,Azure,Edraak,52.32,30,1183
1760,Python,LinkedIn,35.07,20,1183
1761,GCP,LinkedIn,74.5,30,1183
1762,Azure,Coursera,68.41,30,1184
1763,Scrum,LinkedIn,42.45,10,1185
1764,Oracle,Edraak,93.35,10,1185
1765,Azure,LinkedIn,36.54,20,1186
1766,Scrum,Udemy,51.45,10,1186
1767,Scrum,Edraak,64.39,30,1186
1768,Scrum,Edraak,19.96,30,1187
1769,Oracle,Edraak,37.92,20,1188
1770,Azure,Coursera,20.74,30,1189
1771,GCP,Edraak,13.9,10,1189
1772,Oracle,Coursera,60.09,10,1190
1773,AWS,LinkedIn,19.92,30,1190
1774,GCP,Udemy,71.44,30,1191
1775,Python,Edraak,92.36,10,1192
1776,Oracle,Coursera,67.52,30,1192
1777,GCP,Edraak,39.34,10,1193
1778,Scrum,Edraak,20.43,10,1194
1779,Python,LinkedIn,91.24,30,1195
1780,GCP,LinkedIn,93.68,20,1195
1781,Python,Udemy,45.24,10,1195
1782,Azure,LinkedIn,12.12,20,1196
1783,AWS,Udemy,27.36,20,1196
1784,AWS,Udemy,42.65,20,1196
1785,Azure,Coursera,75.95,10,1197
1786,AWS,Udemy,98.06,20,1197
1787,Scrum,Coursera,80.25,30,1197
1788,Python,LinkedIn,98.79,30,1198
1789,Python,Edraak,17.47,30,1198
1790,Oracle,Udemy,73.19,20,1198
1791,GCP,Coursera,42.94,30,1199
1792,Oracle,Udemy,30.97,20,1200
1793,Scrum,Coursera,81.11,30,1200
1794,Python,Edraak,79.79,20,1200
1795,Azure,Udemy,65.03,20,1201
1796,Azure,Edraak,66.76,30,1202
1797,GCP,Edraak,92.19,20,1203
1798,Azure,Udemy,85.74,20,1203
1799,Python,LinkedIn,94.0,30,1204
1800,AWS,Udemy,64.04,30,1204
1801,Python,LinkedIn,50.31,10,1205
1802,Python,Edraak,70.85,30,1205
1803,Azure,LinkedIn,12.57,30,1205
1804,Python,Udemy,23.15,10,1206
1805,AWS,Coursera,49.64,30,1206
1806,GCP,Edraak,88.78,20,1207
1807,Oracle,Udemy,21.93,20,1207
1808,Python,Coursera,45.37,20,1207
1809,AWS,Edraak,72.17,30,1208
1810,GCP,LinkedIn,28.46,20,1209
1811,Oracle,Coursera,31.31,10,1209
1812,Oracle,LinkedIn,31.9,30,1210
1813,Python,Coursera,21.47,30,1211
1814,Scrum,LinkedIn,84.5,30,1211
1815,GCP,Edraak,91.71,10,1212
1816,GCP,Udemy,97.05,10,1212
1817,Python,LinkedIn,39.88,20,1213
1818,Azure,Udemy,55.62,30,1213
1819,Oracle,LinkedIn,76.04,20,1213
1820,Oracle,Edraak,89.8,10,1214
1821,Azure,Edraak,18.09,20,1215
1822,Scrum,Udemy,82.38,20,1216
1823,AWS,Udemy,43.57,20,1216
1824,AWS,Edraak,70.44,30,1216
1825,Oracle,Edraak,40.48,10,1217
1826,Scrum,LinkedIn,14.48,20,1217
1827,Python,Edraak,14.53,30,1217
1828,Python,Coursera,67.61,30,1218
1829,GCP,Udemy,81.98,20,1218
1830,AWS,Edraak,86.12,20,1219
1831,GCP,Udemy,85.1,20,1220
1832,Python,Coursera,81.2,20,1220
1833,Scrum,Udemy,14.84,20,1220
1834,AWS,Coursera,30.62,10,1221
1835,Scrum,Udemy,63.51,10,1221
1836,AWS,Coursera,79.16,30,1221
1837,GCP,Coursera,41.71,10,1222
1838,Azure,Udemy,33.66,10,1222
1839,Scrum,LinkedIn,12.62,20,1222
1840,Python,Udemy,53.94,20,1223
1841,Oracle,Coursera,69.15,30,1224
1842,AWS,LinkedIn,78.64,20,1224
1843,GCP,Coursera,74.04,20,1225
1844,GCP,Coursera,17.93,10,1226
1845,Scrum,Edraak,11.98,30,1227
1846,AWS,Edraak,75.26,10,1228
1847,Oracle,Coursera,34.61,30,1228
1848,Scrum,Udemy,38.91,10,1228
1849,Azure,Udemy,87.78,20,1229
1850,AWS,Edraak,91.2,20,1229
1851,Azure,Edraak,68.6,10,1230
1852,Azure,Edraak,17.1,30,1231
1853,Azure,LinkedIn,75.88,30,1232
1854,Oracle,Edraak,58.56,10,1233
1855,Python,Udemy,52.45,30,1234
1856,Azure,LinkedIn,80.91,30,1234
1857,Oracle,Coursera,74.43,20,1235
1858,Scrum,Edraak,39.25,20,1235
1859,Python,Edraak,49.52,30,1236
1860,Azure,Coursera,65.76,20,1236
1861,Scrum,LinkedIn,39.74,10,1236
1862,Python,Udemy,63.49,20,1237
1863,Python,Edraak,65.51,10,1238
1864,Oracle,Edraak,39.6,30,1238
1865,GCP,Coursera,76.16,10,1239
1866,Azure,Coursera,53.23,20,1239
1867,GCP,LinkedIn,84.18,30,1240
1868,Python,Udemy,60.05,10,1241
1869,AWS,Udemy,50.01,30,1242
1870,AWS,Coursera,80.66,30,1243
1871,Scrum,Coursera,72.56,10,1244
1872,Oracle,Coursera,20.13,10,1244
1873,GCP,LinkedIn,10.29,30,1244
1874,GCP,Edraak,72.82,20,1245
1875,GCP,Edraak,87.15,10,1245
1876,Python,Udemy,41.42,20,1245
1877,AWS,Coursera,60.66,20,1246
1878,AWS,Coursera,61.14,20,1247
1879,Python,Udemy,46.18,30,1248
1880,Python,Udemy,16.38,20,1248
1881,GCP,Coursera,37.0,20,1248
1882,Python,Coursera,86.5,10,1249
1883,Scrum,LinkedIn,67.79,20,1250
1884,Python,Coursera,37.75,20,1250
1885,Oracle,Udemy,24.41,30,1250
1886,GCP,LinkedIn,81.01,30,1251
1887,Python,Udemy,17.04,20,1251
1888,Azure,Edraak,35.86,30,1252
1889,AWS,Coursera,74.9,20,1252
1890,Azure,Udemy,51.71,30,1252
1891,Scrum,Coursera,31.32,20,1253
1892,Azure,Coursera,18.77,10,1254
1893,GCP,Udemy,80.43,30,1254
1894,Scrum,Udemy,28.76,30,1255
1895,GCP,Coursera,72.52,20,1255
1896,AWS,Edraak,61.71,10,1256
1897,Python,Coursera,54.54,20,1256
1898,Oracle,Udemy,30.46,20,1256
1899,Scrum,Coursera,19.37,30,1257
1900,Azure,Coursera,78.09,30,1257
1901,AWS,LinkedIn,44.0,30,1257
1902,GCP,Edraak,90.28,30,1258
1903,Python,LinkedIn,99.47,10,1259
1904,GCP,Udemy,43.17,30,1259
1905,Oracle,LinkedIn,46.57,30,1259
1906,Oracle,Udemy,21.79,20,1260
1907,GCP,LinkedIn,44.39,20,1260
1908,Azure,LinkedIn,29.32,20,1261
1909,Azure,Coursera,42.47,10,1262
1910,AWS,LinkedIn,86.71,30,1263
1911,Azure,LinkedIn,70.49,20,1264
1912,Scrum,Udemy,52.98,20,1264
1913,Scrum,Coursera,68.84,20,1265
1914,Oracle,Edraak,76.45,20,1266
1915,Oracle,Coursera,66.74,30,1267
1916,Python,LinkedIn,99.76,30,1267
1917,GCP,Udemy,98.56,10,1268
1918,Scrum,Coursera,70.41,30,1268
1919,Azure,Udemy,76.04,20,1268
1920,Azure,Coursera,53.05,20,1269
1921,Azure,Edraak,96.18,30,1269
1922,Oracle,Edraak,88.3,30,1270
1923,AWS,Edraak,38.1,10,1270
1924,AWS,Edraak,71.65,30,1271
1925,GCP,Coursera,46.43,10,1271
1926,Oracle,LinkedIn,79.12,20,1272
1927,Oracle,Coursera,14.78,10,1273
1928,Oracle,Coursera,33.15,20,1274
1929,Azure,Coursera,21.94,10,1275
1930,Oracle,LinkedIn,11.93,30,1275
1931,AWS,Edraak,47.69,10,1276
1932,Azure,Coursera,66.46,10,1276
1933,Scrum,Coursera,49.5,10,1276
1934,Azure,Coursera,52.96,10,1277
1935,AWS,LinkedIn,88.41,10,1277
1936,Oracle,LinkedIn,79.74,20,1278
1937,Azure,Edraak,65.74,30,1279
1938,Python,LinkedIn,97.64,10,1279
1939,GCP,Coursera,14.03,20,1280
1940,Scrum,Edraak,78.3,30,1280
1941,AWS,Edraak,72.08,20,1280
1942,Oracle,LinkedIn,80.89,30,1281
1943,AWS,Udemy,49.7,30,1282
1944,GCP,Udemy,46.52,20,1283
1945,AWS,LinkedIn,52.33,30,1283
1946,Scrum,LinkedIn,55.46,30,1283
1947,Python,LinkedIn,22.63,10,1284
1948,AWS,LinkedIn,32.97,30,1284
1949,GCP,Edraak,51.63,10,1284
1950,Azure,Edraak,59.85,30,1285
1951,Python,LinkedIn,28.79,30,1286
1952,AWS,Udemy,11.63,10,1286
1953,GCP,Udemy,89.55,10,1286
1954,Python,LinkedIn,61.04,30,1287
1955,GCP,Udemy,95.74,30,1287
1956,Scrum,Udemy,10.69,30,1288
1957,AWS,LinkedIn,72.36,10,1288
1958,GCP,Coursera,35.27,20,1288
1959,AWS,Coursera,85.54,10,1289
1960,Oracle,Coursera,61.54,30,1289
1961,AWS,LinkedIn,18.24,30,1290
1962,Azure,Udemy,61.65,30,1290
1963,Oracle,Edraak,27.37,20,1290
1964,AWS,Edraak,42.1,30,1291
1965,AWS,Coursera,60.53,30,1291
1966,AWS,Udemy,83.3,20,1292
1967,Python,Udemy,44.63,10,1292
1968,GCP,Coursera,35.64,30,1293
1969,Python,LinkedIn,88.75,30,1294
1970,Scrum,Coursera,21.74,10,1294
1971,GCP,Udemy,16.01,10,1294
1972,Python,Udemy,81.14,10,1295
1973,Scrum,LinkedIn,28.61,10,1295
1974,Python,LinkedIn,13.5,10,1295
1975,Azure,LinkedIn,64.19,30,1296
1976,GCP,LinkedIn,30.45,30,1296
1977,Oracle,Edraak,49.21,30,1296
1978,Python,Edraak,67.91,10,1297
1979,Scrum,Edraak,43.29,10,1297
1980,Oracle,Udemy,97.16,20,1297
1981,GCP,Coursera,27.37,20,1298
1982,GCP,Edraak,72.47,10,1298
1983,Azure,Coursera,94.11,30,1298
1984,Python,Edraak,42.49,30,1299
1985,Azure,Edraak,39.14,30,1299
1986,GCP,Udemy,25.22,20,1300
1987,AWS,Edraak,18.2,10,1300
1988,Oracle,Udemy,23.31,20,1300
