FeedbackID,FeedbackText,FeedbackRate,FeedbackDate,StudentID,FeedbackType,InstructorID,CourseCode,TrackID
1,Far safe officer life.,1,2025-06-06,301,General System,,,
2,Check record minute statement decision yard watch not.,2,2025-05-12,302,Course,,DV95,
3,Firm generation wish method instead family how present.,2,2025-04-12,303,Course,,BI02,
4,If their science bad rise kid town.,4,2025-03-13,304,Track,,,9.0
5,Heart card each field join always professor.,2,2025-03-12,305,Instructor,26.0,,
6,Write material easy light art son.,1,2025-05-09,306,Instructor,21.0,,
7,Speech can experience best much blue campaign can.,2,2025-02-19,307,General System,,,
8,Most before only cover talk.,4,2025-01-07,308,Course,,DS61,
9,Eye democratic garden city remember.,5,2025-01-16,309,Instructor,11.0,,
10,Card board reduce success stay stop seat improve.,2,2025-05-25,310,Instructor,11.0,,
11,Stay skill though check.,2,2024-12-23,311,Course,,DS10,
12,Fight culture central.,1,2025-04-10,312,Instructor,53.0,,
13,A cold never set.,5,2025-02-11,313,Instructor,41.0,,
14,Lead although edge out sport information even.,1,2025-05-06,314,Course,,DS65,
15,Fill choose what public unit others.,5,2025-05-08,315,General System,,,
16,Politics impact also.,2,2025-01-08,316,Course,,AI27,
17,Job house administration practice glass but easy.,5,2024-12-30,317,Instructor,8.0,,
18,Early per establish run military year.,5,2024-12-31,318,Course,,DS84,
19,Those meet assume show information style stay.,5,2025-02-13,319,Instructor,62.0,,
20,Painting newspaper we serve yourself no establish establish.,1,2025-03-20,320,General System,,,
21,Home apply that mission ball fall.,1,2025-05-04,321,Course,,DV98,
22,Why world listen.,5,2025-04-29,322,Course,,WD73,
23,Morning yourself relationship fill.,5,2025-01-07,323,General System,,,
24,Bag force soon official tax population increase.,5,2024-12-28,324,Instructor,11.0,,
25,Task until would upon fear level entire.,2,2025-03-11,325,Track,,,3.0
26,Head former standard attention.,3,2025-02-04,326,Course,,BI83,
27,Heart phone adult organization mission bill.,2,2025-06-06,327,General System,,,
28,Sure attack paper market finish.,3,2025-06-03,328,Course,,DS65,
29,Push head he especially.,3,2025-02-13,329,Instructor,20.0,,
30,Religious agreement indeed hour.,4,2025-03-03,330,General System,,,
31,Look night value concern.,5,2025-03-05,331,General System,,,
32,Watch analysis high determine decision.,4,2025-02-12,332,Instructor,11.0,,
33,Notice president green floor nice choose mind.,5,2025-06-17,333,General System,,,
34,Life hand parent see around full country.,2,2025-03-20,334,Instructor,84.0,,
35,Feel cause compare rest important door.,4,2025-02-05,335,Track,,,3.0
36,Television senior care personal themselves individual.,3,2024-12-25,336,Track,,,3.0
37,School citizen worry concern change.,2,2025-05-28,337,Course,,DS84,
38,Audience face election theory.,5,2025-01-29,338,Track,,,6.0
39,Newspaper avoid gas my.,3,2025-06-04,339,General System,,,
40,Likely cost short finish.,1,2025-01-06,340,Track,,,7.0
41,Body last information quickly project.,4,2025-05-05,341,Course,,CS04,
42,Television final second family.,5,2025-04-19,342,Course,,BI06,
43,Old tough pay member.,3,2025-02-26,343,General System,,,
44,Student main poor.,2,2025-05-16,344,Track,,,9.0
45,Finally level worker event rest such.,3,2025-04-01,345,Course,,UX71,
46,Pull they understand office.,1,2025-02-13,346,Instructor,31.0,,
47,Tonight data move arrive structure whole perform.,4,2025-03-13,347,General System,,,
48,Office human yeah year these couple list or.,4,2025-04-03,348,Course,,DV25,
49,Road ask involve education.,3,2025-03-03,349,Instructor,25.0,,
50,Argue PM nothing now suggest.,5,2025-05-23,350,Track,,,3.0
51,Full million indeed adult pull these purpose.,4,2025-04-25,351,General System,,,
52,Gas four law its professor focus exist.,3,2025-04-27,352,Instructor,32.0,,
53,Million although travel debate condition key miss back.,3,2025-02-07,353,Course,,MB69,
54,Natural talk more certainly.,3,2025-04-10,354,Track,,,7.0
55,Research yard quite lay artist which generation.,3,2025-04-19,355,Track,,,7.0
56,Hard head part easy.,4,2025-04-13,356,Course,,DS59,
57,Level particularly open despite morning.,2,2025-04-24,357,Course,,MB54,
58,Quickly short down support paper economic mind.,2,2025-01-16,358,Course,,TS34,
59,Outside again civil stock challenge certainly plan.,4,2025-03-09,359,Track,,,5.0
60,Sense follow garden affect.,5,2025-05-24,360,Instructor,72.0,,
61,Process operation skill.,4,2025-06-03,361,Instructor,39.0,,
62,Every week foot woman.,4,2025-03-11,362,General System,,,
63,Agree new low writer.,3,2025-06-04,363,Instructor,93.0,,
64,Analysis his new sure.,4,2025-01-11,364,General System,,,
65,Heart rest shake method.,5,2025-01-24,365,Track,,,7.0
66,Subject list few professor east claim.,5,2025-03-06,366,Track,,,8.0
67,Voice base left nearly.,5,2025-04-14,367,Instructor,56.0,,
68,Eight base business local.,1,2025-04-12,368,General System,,,
69,Cold help theory test explain significant service late.,4,2025-05-23,369,Instructor,83.0,,
70,Late over sell drug.,1,2025-04-01,370,General System,,,
71,Perform few activity owner hotel truth feeling name.,3,2025-03-14,371,Instructor,2.0,,
72,Season quickly civil.,2,2025-05-05,372,Course,,PY85,
73,With production affect indeed.,3,2025-02-17,373,Course,,PY76,
74,Front moment specific perhaps yet nearly go name.,1,2025-03-11,374,General System,,,
75,Technology main hundred worry exist whose career hot.,3,2025-03-10,375,General System,,,
76,Economic mind you clearly seek at.,3,2025-06-19,376,Track,,,4.0
77,Floor government hand.,2,2025-02-18,377,Course,,DV98,
78,Management act technology challenge final trade get.,1,2025-04-16,378,Track,,,7.0
79,Impact land down myself respond.,3,2025-05-12,379,Track,,,6.0
80,Performance this rule again military thought social.,4,2025-03-13,380,Course,,MB03,
81,Bring yard me begin perform father type should.,5,2025-05-01,381,Track,,,8.0
82,Control stop bill bar fall leave.,5,2025-03-18,382,Track,,,4.0
83,Mission tree unit kid.,1,2025-02-09,383,General System,,,
84,Argue kind official garden.,4,2025-04-14,384,Instructor,56.0,,
85,Eight support laugh performance position serve sign.,4,2025-05-16,385,Track,,,10.0
86,Business few agreement compare detail food.,4,2024-12-30,386,Track,,,8.0
87,Thought available we big.,5,2025-01-14,387,General System,,,
88,Purpose color director tree world region pressure.,4,2025-02-13,388,Course,,DS84,
89,Appear west house above hour compare car what.,4,2025-03-16,389,Course,,WD77,
90,Side green own already from.,1,2025-04-20,390,Instructor,76.0,,
91,Require send century contain nor red most.,2,2025-04-06,391,General System,,,
92,Character few take contain laugh future whether.,2,2025-01-09,392,Instructor,55.0,,
93,Picture challenge movie back.,5,2025-03-03,393,Track,,,2.0
94,Cell always work perhaps.,4,2025-06-17,394,Instructor,77.0,,
95,Detail type yet Mr.,4,2025-02-02,395,Track,,,10.0
96,Support off week statement low.,3,2025-05-25,396,General System,,,
97,Cut difference another find federal finally investment.,2,2025-06-07,397,Course,,MB39,
98,Buy material me analysis fine treatment establish nothing.,5,2025-03-06,398,Instructor,23.0,,
99,Require leg a buy should run.,3,2025-02-26,399,Instructor,3.0,,
100,Ever economic write.,1,2025-02-15,400,Track,,,1.0
101,Deal thing total too huge car finish.,2,2025-03-23,401,Instructor,34.0,,
102,Bit prove second walk truth side.,3,2025-05-04,402,Course,,WD30,
103,At understand year few.,4,2025-03-06,403,Instructor,18.0,,
104,Call try audience once analysis goal.,3,2025-02-11,404,General System,,,
105,Trouble mission leave part whose service.,2,2025-01-19,405,General System,,,
106,Science medical debate.,5,2025-06-18,406,Instructor,73.0,,
107,One opportunity drug.,2,2025-05-24,407,Track,,,10.0
108,Others everyone show mention.,1,2025-04-16,408,Track,,,10.0
109,Bank attack chance old water rock place.,4,2025-02-18,409,Course,,MB16,
110,Ability close message music per writer wife but.,1,2025-01-29,410,Instructor,42.0,,
111,Mrs talk natural production really bank event.,2,2025-01-13,411,Track,,,1.0
112,With once throw series dream suffer contain.,2,2025-03-31,412,General System,,,
113,Agent impact story.,2,2025-04-20,413,Course,,CS11,
114,Beautiful inside continue to sell accept already effect.,4,2024-12-29,414,Instructor,40.0,,
115,Church offer member you recently.,4,2025-03-08,415,Track,,,2.0
116,Simple this institution buy lawyer fire.,5,2025-01-29,416,General System,,,
117,City yeah summer real history worry.,4,2025-01-19,417,Track,,,5.0
118,Identify billion visit cost look none husband.,1,2025-01-31,418,Course,,PY48,
119,Guess your edge three throughout company.,2,2025-01-24,419,Track,,,8.0
120,Reflect six rich vote anything big fine share.,1,2024-12-24,420,Instructor,7.0,,
121,Education ok travel money order choose plant.,4,2025-03-16,421,General System,,,
122,Hard act project however stock administration.,4,2025-06-12,422,Course,,CS22,
123,Sound might blue.,2,2025-04-03,423,General System,,,
124,Impact edge growth.,1,2025-01-03,424,Track,,,6.0
125,Have technology evening place television fast leg make.,5,2025-06-01,425,Instructor,53.0,,
126,Door east attorney north really.,3,2025-02-14,426,Instructor,30.0,,
127,Whom sit main customer statement land.,4,2025-03-26,427,General System,,,
128,Usually big gas form seek sure beat.,1,2025-06-07,428,Track,,,3.0
129,Consider someone open before.,5,2025-01-11,429,Instructor,93.0,,
130,Girl speech cut fast worry could.,1,2025-06-17,430,General System,,,
131,Serious how ask necessary hear government hand.,1,2025-04-28,431,Track,,,6.0
132,Red appear sort we.,1,2025-03-01,432,Course,,PY76,
133,Which cultural individual author western police sister couple.,5,2025-06-21,433,Track,,,3.0
134,Rock various line political thousand.,5,2025-01-06,434,Course,,DS72,
135,Fine too box Democrat week north bill word.,4,2024-12-24,435,Course,,MB54,
136,Act case this actually eight.,3,2025-06-12,436,Course,,AI27,
137,Community summer trial determine.,4,2025-05-24,437,Track,,,9.0
138,Foot campaign improve charge arrive paper study social.,3,2025-05-03,438,Course,,DS58,
139,Man sure person.,5,2025-01-23,439,Instructor,100.0,,
140,Difficult loss less.,5,2025-02-06,440,General System,,,
141,Goal camera environment dream.,3,2025-01-29,441,Course,,BI36,
142,She likely ball some drop expert include lose.,2,2025-06-07,442,General System,,,
143,Lead center into environment country.,3,2025-02-16,443,General System,,,
144,Hundred poor expert reduce gun truth big.,4,2025-03-19,444,Track,,,9.0
145,Man report out behind then together.,3,2025-02-21,445,Instructor,78.0,,
146,Sometimes medical city feeling job option.,4,2025-05-26,446,Course,,TS34,
147,Team class matter its.,5,2024-12-24,447,General System,,,
148,East writer financial how.,1,2025-05-30,448,Course,,DV89,
149,System enough push support represent.,4,2025-05-31,449,Instructor,22.0,,
150,Business direction president within my east ahead service.,2,2024-12-24,450,Course,,DV25,
151,Computer side various thing tax bring others.,4,2025-04-12,451,General System,,,
152,Eye example center receive fight good couple.,2,2025-03-27,452,Instructor,23.0,,
153,Table decision perhaps nor despite ago.,3,2025-03-08,453,Track,,,8.0
154,The trouble certainly system brother force prove.,2,2025-05-22,454,Track,,,4.0
155,Exist smile form popular land.,4,2025-05-12,455,Course,,WD32,
156,Foreign easy door a.,4,2025-02-14,456,General System,,,
157,Store describe past to matter allow successful.,3,2025-06-19,457,Instructor,73.0,,
158,Full war nature current development will.,3,2025-04-07,458,Track,,,2.0
159,Significant else hair should.,1,2025-06-01,459,General System,,,
160,Recognize town entire information area condition edge treat.,4,2025-04-11,460,Course,,DV35,
161,Sport would son inside western.,2,2025-04-07,461,Course,,WD32,
162,Quickly tell firm social need culture Mr central.,5,2025-03-09,462,Track,,,1.0
163,Bring commercial behavior human fly.,4,2025-01-31,463,Instructor,60.0,,
164,Continue quality sell continue consider.,5,2025-03-14,464,Course,,DS59,
165,Realize focus message out president yes property.,3,2025-03-20,465,General System,,,
166,Worry traditional simply street area expect air.,3,2025-06-19,466,Track,,,9.0
167,Especially expert several than.,1,2025-04-12,467,Track,,,5.0
168,Attack behind human cost.,3,2024-12-31,468,Instructor,80.0,,
169,High ten son cultural oil generation return building.,1,2024-12-30,469,Instructor,52.0,,
170,Race herself field window up.,5,2025-01-25,470,General System,,,
171,Line edge scene job.,4,2025-03-06,471,Track,,,4.0
172,Paper president clearly treat help resource.,1,2025-04-02,472,General System,,,
173,Service wind may by spend by interest turn.,5,2025-05-30,473,Instructor,74.0,,
174,Gun maintain baby standard.,4,2025-04-17,474,General System,,,
175,Performance Democrat focus product condition be.,5,2025-01-31,475,General System,,,
176,Pm join them head peace computer thus deep.,5,2025-04-17,476,Course,,WD73,
177,Tough scene hotel station music small none.,4,2025-01-21,477,Course,,MB69,
178,Tend current station true outside southern along.,4,2025-04-04,478,Course,,PY82,
179,Less paper international price peace.,4,2025-04-26,479,Instructor,6.0,,
180,Sister up physical perform several.,5,2025-05-02,480,Instructor,77.0,,
181,Stop wait community modern factor lawyer.,1,2025-04-27,481,Course,,CS64,
182,Cause major allow activity security.,2,2025-02-19,482,Course,,WD67,
183,Up window civil could night important.,1,2025-01-03,483,Instructor,9.0,,
184,Leave peace control interesting within beyond.,4,2025-02-18,484,Course,,AI17,
185,Cultural until hold whole budget.,1,2025-04-19,485,Track,,,4.0
186,Truth story mother public right.,1,2025-01-20,486,Course,,DS79,
187,Loss create baby grow officer produce.,2,2025-03-01,487,Track,,,1.0
188,That century state west several.,3,2025-04-06,488,General System,,,
189,Step computer huge TV.,4,2025-03-11,489,General System,,,
190,Door vote end best lose.,3,2025-01-05,490,Track,,,5.0
191,Street company need.,4,2025-01-06,491,Track,,,3.0
192,Page beyond meet write.,2,2024-12-29,492,Course,,BI19,
193,Piece decision light main good science.,1,2025-05-30,493,Track,,,10.0
194,Wall while word story although point claim.,3,2025-03-24,494,Track,,,9.0
195,Charge power decide this professional spend.,4,2025-03-20,495,General System,,,
196,Instead office kid war charge bill.,5,2025-03-23,496,Track,,,2.0
197,Stock organization cold bag who car cut.,3,2025-06-02,497,Instructor,41.0,,
198,Seat card election control.,3,2025-01-04,498,Track,,,10.0
199,Find culture trouble grow both.,3,2025-04-20,499,General System,,,
200,Away certain right issue main morning others manager.,1,2025-02-17,500,Course,,CS04,
201,Mission on clear.,5,2025-01-03,501,Course,,WD73,
202,Push everything moment option result sit need civil.,2,2025-05-10,502,Course,,MB39,
203,No after quite away little.,4,2025-03-22,503,Course,,UX13,
204,Follow relate exist voice degree opportunity benefit.,2,2025-05-29,504,Track,,,8.0
205,Receive hear camera least heart.,2,2025-06-06,505,Track,,,4.0
206,Suffer relate market account mission central trouble option.,1,2025-03-02,506,Instructor,77.0,,
207,Even green indeed past tell Mr kid now.,2,2025-04-24,507,General System,,,
208,Determine lead meet.,5,2025-05-02,508,Track,,,1.0
209,Agree fact probably.,5,2025-03-28,509,Course,,UX71,
210,Thing necessary myself surface best.,1,2025-02-01,510,Track,,,2.0
211,Natural not personal owner.,5,2025-01-31,511,General System,,,
212,Family describe board return nearly.,3,2025-06-10,512,General System,,,
213,Street head series mission much voice worker.,2,2025-02-20,513,General System,,,
214,Gas write a western without per option.,2,2025-03-12,514,Track,,,10.0
215,We audience dinner blue travel skill near line.,3,2025-01-25,515,General System,,,
216,Pull maybe nearly force serious camera.,2,2025-05-26,516,Instructor,8.0,,
217,Health new radio well talk listen former term.,4,2025-05-27,517,Instructor,88.0,,
218,Local may into compare shoulder life enjoy.,3,2025-04-04,518,Instructor,51.0,,
219,Media pay learn upon wish teach bag.,3,2025-06-01,519,Instructor,5.0,,
220,Under loss including particularly.,2,2025-05-09,520,Instructor,80.0,,
221,Imagine by strategy small debate produce.,3,2025-03-03,521,Course,,CS64,
222,Anyone activity same building back.,2,2025-03-04,522,Instructor,86.0,,
223,Century single than job theory property.,2,2025-06-10,523,Instructor,90.0,,
224,May focus serve hot.,5,2025-04-03,524,General System,,,
225,Argue he generation.,1,2025-04-03,525,Instructor,18.0,,
226,Space section art often answer poor.,1,2025-03-16,526,Track,,,9.0
227,Financial strong well one maybe wish.,3,2025-03-21,527,General System,,,
228,Throughout laugh support turn.,5,2025-01-19,528,Course,,WD30,
229,Along bring assume week grow prove career.,3,2025-02-12,529,Track,,,2.0
230,Wonder evening time lot on early significant.,1,2025-03-09,530,Track,,,4.0
231,Put wait practice day.,5,2025-01-26,531,General System,,,
232,Morning picture sing site four bank area.,2,2025-01-25,532,Course,,AI100,
233,Local left their word later art.,1,2025-03-27,533,Instructor,84.0,,
234,Yard often heart.,2,2025-05-05,534,Course,,MB39,
235,House through seek section.,5,2025-03-19,535,Track,,,2.0
236,Know charge fish reveal.,2,2025-06-16,536,Instructor,91.0,,
237,Sign public property store probably this instead.,1,2025-04-27,537,General System,,,
238,Talk take image understand budget western boy.,5,2025-01-16,538,Instructor,85.0,,
239,Leader government happy then become.,4,2025-03-02,539,Track,,,6.0
240,Alone news five again impact.,3,2025-03-26,540,Instructor,84.0,,
241,Throughout seven recently opportunity sit.,4,2025-05-22,541,Course,,AI33,
242,Cut news the if bank fish thus.,4,2025-05-11,542,Instructor,53.0,,
243,Camera believe wind forward.,3,2025-02-23,543,Instructor,76.0,,
244,Pretty thought result across keep.,5,2025-01-27,544,Instructor,67.0,,
245,Cultural really accept but.,2,2025-02-22,545,Course,,MB37,
246,Right reason money including who deep.,2,2025-02-09,546,Instructor,27.0,,
247,Whether fast pattern although cell later upon.,1,2025-04-29,547,Track,,,7.0
248,Score budget do care economic voice.,1,2025-04-29,548,Instructor,20.0,,
249,Pick man style relate adult city.,2,2025-04-04,549,Course,,DV25,
250,Four explain pretty only.,1,2025-04-22,550,Course,,WD28,
251,Admit personal set family budget eat per.,5,2025-05-28,551,Course,,UX41,
252,Teach half everything building news peace office.,3,2025-05-15,552,Instructor,6.0,,
253,Concern answer wear same daughter.,2,2024-12-24,553,General System,,,
254,Program top speech wall sure wide early.,1,2025-04-17,554,Track,,,4.0
255,Western ball participant challenge.,2,2025-04-10,555,Course,,UX13,
256,Say current send activity ball.,5,2025-02-22,556,Track,,,6.0
257,Agreement garden account price result.,4,2025-01-04,557,Instructor,30.0,,
258,Fine detail store.,1,2025-03-31,558,Instructor,30.0,,
259,Speak she hour.,2,2025-04-02,559,Track,,,4.0
260,Word treatment college identify.,1,2025-01-03,560,Course,,MB01,
261,Product where no house speech.,5,2025-05-28,561,Track,,,3.0
262,Century poor dog standard.,5,2025-06-18,562,General System,,,
263,Science discuss fine subject focus on later.,2,2025-05-27,563,Track,,,7.0
264,Become support news eye how bring.,3,2025-01-06,564,Instructor,12.0,,
265,Economy large forward bag structure whether.,1,2024-12-26,565,Track,,,6.0
266,Build deep bring painting recent.,1,2025-02-08,566,Track,,,8.0
267,Us debate organization skill despite alone.,5,2025-04-11,567,General System,,,
268,Itself accept bag explain want subject.,4,2025-05-09,568,Instructor,43.0,,
269,Whether practice over something lead.,1,2025-01-13,569,Course,,AI86,
270,Party business after.,5,2025-02-18,570,Instructor,31.0,,
271,Network when person bit various education sport.,3,2025-01-17,571,Instructor,22.0,,
272,Myself soldier alone marriage somebody model.,1,2025-05-09,572,Course,,MB56,
273,Choose main would throughout environmental art.,1,2025-03-18,573,General System,,,
274,President its over phone city.,3,2025-06-03,574,Instructor,99.0,,
275,Rock general his current.,3,2025-03-17,575,Instructor,9.0,,
276,Wide hand else improve particularly surface whose.,1,2025-05-28,576,Course,,UX53,
277,Structure difficult such wind black method.,3,2025-06-06,577,Track,,,10.0
278,Front class condition.,2,2025-01-09,578,General System,,,
279,Technology international check whom reach say enough.,1,2025-03-30,579,Instructor,52.0,,
280,Training hand but.,2,2025-06-01,580,Course,,DS91,
281,Half dream raise.,2,2024-12-25,581,General System,,,
282,Air important accept true stuff.,3,2025-03-29,582,General System,,,
283,Activity go own far perform front factor.,5,2025-01-24,583,Course,,AI27,
284,Air determine while important to career simple.,2,2025-04-17,584,General System,,,
285,Teach son any hold too.,2,2025-02-01,585,Track,,,7.0
286,White score eat meeting week over use.,3,2025-05-28,586,Instructor,4.0,,
287,If yet short run.,4,2025-04-15,587,Track,,,7.0
288,Occur mean listen federal vote.,5,2025-05-10,588,General System,,,
289,Three each common.,4,2025-05-12,589,Instructor,45.0,,
290,For region debate join game sing ever.,2,2025-04-11,590,Instructor,49.0,,
291,Us machine shake begin fund for.,3,2025-03-03,591,Track,,,5.0
292,Clearly nothing important science.,1,2025-03-24,592,Instructor,80.0,,
293,Until house song born product.,3,2025-01-30,593,Instructor,65.0,,
294,Factor listen throw system Congress leg century.,2,2025-03-31,594,General System,,,
295,Know single there century matter doctor.,2,2025-04-10,595,Track,,,8.0
296,While represent age choose have visit discuss.,2,2024-12-28,596,Course,,MB40,
297,Meeting serious perhaps think.,1,2025-03-07,597,General System,,,
298,Major ask score group.,2,2025-05-01,598,General System,,,
299,Safe pass open I.,4,2025-01-02,599,Instructor,74.0,,
300,Election concern style course available.,5,2025-03-04,600,General System,,,
301,Number simply themselves tax look travel.,5,2025-03-08,601,General System,,,
302,Personal former attorney fire new fine.,1,2025-06-14,602,General System,,,
303,Many commercial impact people.,1,2025-04-21,603,Course,,BI92,
304,Wish newspaper firm indicate be car drop.,2,2025-01-08,604,Course,,CS70,
305,Choice detail whether along.,3,2025-03-03,605,Track,,,7.0
306,Why our Republican house TV doctor.,3,2025-06-17,606,Instructor,31.0,,
307,Tough staff we inside there.,4,2025-06-01,607,Course,,AI97,
308,Man adult between food gun side worry.,4,2025-01-04,608,Instructor,31.0,,
309,Result environmental point.,3,2025-01-14,609,Track,,,7.0
310,Society billion across significant send.,1,2024-12-26,610,Instructor,61.0,,
311,Certainly turn brother world record exactly measure himself.,2,2025-04-10,611,General System,,,
312,Manage describe real commercial various open.,3,2025-02-14,612,Course,,CS70,
313,Drive stage action keep others.,5,2025-01-14,613,Track,,,2.0
314,Past pretty style partner cultural.,5,2025-04-17,614,Instructor,85.0,,
315,Collection responsibility purpose when successful four.,1,2025-02-02,615,General System,,,
316,Least hospital production her.,3,2025-04-21,616,Track,,,2.0
317,Least concern ever certainly resource part people.,4,2025-01-21,617,Course,,UX71,
318,Cell argue population play.,3,2025-03-24,618,Instructor,40.0,,
319,Site green provide analysis push Republican rule.,3,2025-04-05,619,Instructor,58.0,,
320,Budget development agent a long day chance.,5,2025-06-17,620,Track,,,1.0
321,Have politics hope imagine class source.,1,2025-03-05,621,General System,,,
322,Friend oil opportunity indeed certainly improve.,2,2025-05-06,622,General System,,,
323,Personal trip send attorney.,2,2025-03-04,623,Instructor,45.0,,
324,Culture claim nor address to news.,3,2025-03-23,624,Instructor,85.0,,
325,Who teacher say value.,3,2025-06-08,625,Course,,TS46,
326,Than inside anything.,2,2025-04-29,626,Course,,CS70,
327,Test guess keep none.,2,2025-06-01,627,Track,,,2.0
328,Writer building hope reduce administration perform.,5,2025-03-11,628,Instructor,28.0,,
329,No prepare necessary.,5,2025-04-04,629,General System,,,
330,Four radio lose offer mother.,5,2025-06-19,630,General System,,,
331,For notice each pattern hair recent special.,2,2024-12-29,631,Course,,MB16,
332,Include bit significant seat safe.,2,2025-04-27,632,Instructor,91.0,,
333,Both single effort begin front.,2,2025-04-18,633,Track,,,9.0
334,Clear standard blue much paper generation.,3,2025-03-30,634,Instructor,14.0,,
335,Lead your around two organization sign.,3,2025-06-04,635,Track,,,8.0
336,Land teacher business.,2,2025-05-08,636,Instructor,55.0,,
337,Person where health five professional thing town.,1,2025-05-26,637,Track,,,4.0
338,Whose character factor course.,5,2025-05-06,638,Track,,,7.0
339,Because positive each.,4,2025-03-05,639,Track,,,3.0
340,Would early sense interest fire everyone always woman.,5,2025-05-31,640,Track,,,5.0
341,Rich nearly travel rest consider me.,1,2025-02-20,641,Track,,,5.0
342,Training building fish member purpose general bring election.,3,2025-05-14,642,General System,,,
343,Gas share control left almost purpose of.,5,2025-04-14,643,Course,,WD99,
344,Fight collection Congress few window.,1,2025-06-06,644,Track,,,2.0
345,Activity answer project movie customer point.,3,2025-05-25,645,Track,,,9.0
346,Less minute or yeah action decide military young.,5,2025-05-01,646,Track,,,4.0
347,Likely very deep play seven place.,1,2025-06-04,647,Course,,PY76,
348,Him their bed network above from through.,3,2025-03-01,648,Track,,,2.0
349,Maintain window figure herself.,3,2025-04-10,649,Track,,,3.0
350,Interesting culture sound Mr again political history.,5,2025-06-09,650,Track,,,7.0
351,Certain purpose simple way defense culture.,2,2025-02-17,651,Instructor,66.0,,
352,Opportunity important high change house necessary school a.,1,2025-03-26,652,Course,,UX13,
353,Allow interest modern the notice almost house.,5,2025-03-17,653,General System,,,
354,Write why simply fly base.,5,2025-01-19,654,Track,,,1.0
355,Nation whose where mean window.,3,2025-01-03,655,Track,,,1.0
356,Game other nor trouble you interview knowledge.,2,2025-01-09,656,Course,,CS66,
357,Event indeed those son worker movement particular.,2,2025-01-22,657,Course,,WD80,
358,Behavior difference not ask.,5,2025-05-12,658,Track,,,3.0
359,Defense condition within physical.,3,2025-05-06,659,General System,,,
360,Top property enough deep hospital discussion nearly.,4,2025-02-19,660,Course,,WD77,
361,Loss pattern executive reach law produce.,2,2025-03-18,661,General System,,,
362,Attorney later matter fact time.,3,2025-01-12,662,Instructor,22.0,,
363,Everything throughout raise investment rule organization address.,1,2025-02-16,663,Track,,,9.0
364,Open successful court situation spend.,4,2025-05-24,664,Track,,,4.0
365,Ever throughout model produce son only.,3,2025-04-01,665,General System,,,
366,Film there key better.,4,2025-06-10,666,Instructor,17.0,,
367,Save order southern strategy work team a.,5,2024-12-24,667,Course,,AI86,
368,Mission doctor store last Republican trial.,1,2025-03-12,668,Instructor,87.0,,
369,Trial piece likely process image these.,3,2025-04-08,669,Course,,DS14,
370,Safe reason budget professor social push.,1,2025-03-10,670,Course,,MB16,
371,Among garden whether career.,4,2025-04-01,671,Track,,,4.0
372,North class sure price happen stock amount.,2,2025-03-16,672,Course,,DS14,
373,Heart by main her sister stuff indeed.,4,2025-04-02,673,Instructor,32.0,,
374,Determine while drop.,3,2025-06-06,674,Track,,,10.0
375,Rate worker sister.,2,2025-02-15,675,General System,,,
376,Between hospital response low camera.,2,2025-03-05,676,General System,,,
377,Decade machine industry become also.,1,2025-03-26,677,Instructor,93.0,,
378,Fill north yeah impact nothing candidate.,2,2025-04-06,678,Course,,UX41,
379,Course he model man challenge.,1,2024-12-25,679,Instructor,92.0,,
380,Blood might national dark night keep.,3,2025-02-12,680,General System,,,
381,Piece account also.,4,2025-02-01,681,Instructor,1.0,,
382,Guess plant hard.,4,2025-01-15,682,Track,,,4.0
383,Low middle office respond hope police focus.,1,2025-02-17,683,Track,,,9.0
384,Large own this anything television.,4,2025-04-15,684,Track,,,3.0
385,Material build account he plant.,2,2025-06-06,685,General System,,,
386,Soon big throw social analysis available research standard.,5,2025-05-04,686,Track,,,2.0
387,Find task fill according car.,5,2025-04-24,687,Course,,DV25,
388,Leader partner official public claim.,2,2025-04-27,688,General System,,,
389,Else city audience size need treat natural.,4,2025-06-03,689,Track,,,7.0
390,Black about matter under police.,3,2024-12-31,690,General System,,,
391,Political interview camera teach save since.,4,2025-05-30,691,Instructor,32.0,,
392,Night agreement above force.,3,2025-02-03,692,General System,,,
393,Message finally help.,4,2025-03-07,693,General System,,,
394,Want direction fine human be.,4,2025-05-18,694,Track,,,7.0
395,Begin subject specific church media lawyer thousand rise.,3,2025-06-06,695,General System,,,
396,Report end reflect behavior production low.,4,2025-04-24,696,Instructor,49.0,,
397,Suddenly any over before deep morning spring.,4,2025-01-16,697,Course,,TS46,
398,Work according draw act very certain television air.,5,2025-01-10,698,Track,,,10.0
399,Law consumer area conference suggest animal central.,1,2025-03-25,699,General System,,,
400,Actually professional agreement.,1,2025-03-03,700,General System,,,
401,Read trouble study government treat.,1,2025-04-14,701,Instructor,76.0,,
402,Center send skin bit strategy.,4,2025-02-22,702,General System,,,
403,Music real region heavy recently environmental.,5,2025-04-28,703,General System,,,
404,Move all anything fish conference human five.,5,2025-04-03,704,Course,,PY24,
405,Education may attack easy.,5,2025-04-15,705,Track,,,2.0
406,Detail trial develop report perform individual.,2,2025-01-10,706,General System,,,
407,Industry report spend a.,3,2025-06-21,707,Course,,MB37,
408,Adult happy would think class question create available.,4,2025-03-22,708,Course,,WD77,
409,Two it listen way indeed interview.,5,2025-04-06,709,Course,,UX41,
410,Fast main feel personal great would firm.,3,2025-01-04,710,Instructor,93.0,,
411,Activity well capital possible protect sure inside development.,5,2025-06-20,711,Course,,AI27,
412,Thought better until avoid.,5,2025-05-10,712,General System,,,
413,Figure respond until education situation.,4,2025-06-03,713,Track,,,10.0
414,Movement campaign recent start operation home or paper.,3,2025-01-31,714,General System,,,
415,We federal fly step paper develop type.,4,2025-01-30,715,Instructor,17.0,,
416,Guess day total future marriage charge deal.,2,2025-03-12,716,Course,,MB54,
417,Test hour camera truth indicate decade room.,1,2025-06-15,717,Instructor,78.0,,
418,Else discuss voice statement wait.,5,2025-02-09,718,General System,,,
419,Boy analysis on attack spend room realize.,4,2025-01-25,719,General System,,,
420,Activity rest never deep.,1,2025-01-11,720,General System,,,
421,Section policy center figure.,2,2025-02-05,721,Track,,,8.0
422,Memory both season school.,3,2025-06-02,722,Track,,,5.0
423,Doctor authority adult hand ever defense evidence.,2,2025-04-23,723,Instructor,48.0,,
424,Couple party point.,4,2025-04-21,724,Instructor,43.0,,
425,Police mother able apply blood.,5,2025-01-31,725,Track,,,1.0
426,Light maybe claim general memory sell picture knowledge.,4,2024-12-29,726,Instructor,84.0,,
427,Final animal daughter relate.,4,2025-02-16,727,Track,,,6.0
428,System doctor president one.,5,2025-05-10,728,Track,,,1.0
429,Perhaps friend section myself.,4,2025-01-05,729,General System,,,
430,Loss ever down yard environment over really agree.,5,2025-01-24,730,Instructor,12.0,,
431,Book goal everyone opportunity institution season front.,4,2025-03-16,731,General System,,,
432,Make real must with road.,4,2025-01-11,732,Track,,,9.0
433,Once better most full action probably space.,2,2025-01-18,733,Instructor,2.0,,
434,Whether skin back chair buy.,2,2024-12-28,734,Course,,MB37,
435,Week together purpose serve.,5,2025-01-11,735,Course,,AI100,
436,Culture Mrs tax second ready scientist beyond.,4,2025-04-17,736,General System,,,
437,Ago leg mother good draw.,2,2025-02-04,737,Course,,CS64,
438,Tell animal relationship out idea major.,5,2025-05-30,738,Instructor,46.0,,
439,Ball TV teacher one debate much system.,4,2025-06-15,739,Instructor,57.0,,
440,Something write beautiful health better.,4,2025-06-05,740,General System,,,
441,Any evidence color sense meeting it.,4,2025-03-03,741,Track,,,2.0
442,Every move each argue base.,4,2025-04-08,742,General System,,,
443,Do fear outside agreement recognize.,5,2025-06-11,743,Course,,BI08,
444,Each art may through by popular article.,1,2025-06-17,744,General System,,,
445,In pretty those indicate how study.,2,2025-05-20,745,General System,,,
446,Fill teach whole speech drop remember decision.,4,2025-02-23,746,General System,,,
447,Close factor ago describe image.,2,2025-04-22,747,Course,,UX53,
448,Item new senior.,4,2025-04-25,748,Track,,,10.0
449,Start trade wear several simple very.,1,2025-05-22,749,General System,,,
450,Offer cover design one.,4,2025-02-10,750,Track,,,7.0
451,Process management machine yes employee recognize.,4,2025-05-07,751,General System,,,
452,Movie throughout would investment.,4,2024-12-26,752,Track,,,1.0
453,Practice evidence trouble rise.,4,2025-03-03,753,Instructor,26.0,,
454,Less buy art Republican attack box.,2,2025-02-16,754,Instructor,27.0,,
455,Life friend attack near issue whom thus.,1,2024-12-31,755,General System,,,
456,Term able hard Republican social.,2,2025-01-24,756,Course,,AI33,
457,Report record quickly end college room authority write.,3,2025-02-16,757,Track,,,8.0
458,Tough term cell us wind throw training.,2,2025-05-10,758,General System,,,
459,Decision rest measure mention writer report watch not.,3,2025-01-01,759,Track,,,9.0
460,Alone same difference real mission us.,4,2025-03-21,760,Instructor,55.0,,
461,Three include beyond bring wear operation country.,5,2025-01-01,761,Track,,,10.0
462,Impact within add least many.,4,2025-05-19,762,Course,,UX13,
463,Later write discussion.,5,2025-04-18,763,Track,,,2.0
464,Indeed drug teacher recent huge.,1,2025-04-09,764,Instructor,12.0,,
465,Plant later part any.,4,2025-03-05,765,Track,,,1.0
466,Bed during nearly buy seek new.,5,2025-01-23,766,Instructor,62.0,,
467,Especially forget we send information sport room.,5,2025-04-26,767,Course,,PY82,
468,A meeting couple red hundred item.,4,2025-04-01,768,Instructor,85.0,,
469,Central quality would hundred reduce sing situation.,2,2025-03-05,769,Course,,UX96,
470,Without bag style plan rock lay bar.,3,2024-12-28,770,Instructor,37.0,,
471,Appear himself important ten.,4,2024-12-28,771,General System,,,
472,Window board appear.,3,2025-01-02,772,Instructor,66.0,,
473,Gas suggest rule present defense enjoy wrong.,1,2025-05-06,773,Course,,MB69,
474,Remain deep simple dark own.,1,2025-04-15,774,Track,,,5.0
475,Group listen member loss year nearly.,5,2025-03-16,775,Course,,UX87,
476,Like value rise after.,1,2025-01-03,776,General System,,,
477,Offer without type respond prepare.,5,2025-05-10,777,General System,,,
478,Spend idea commercial thousand within.,2,2025-02-01,778,General System,,,
479,His present there.,5,2025-03-18,779,Track,,,2.0
480,Agreement energy agent chance quickly professional against.,4,2025-02-22,780,Track,,,3.0
481,Way still above father onto happen with.,1,2025-03-07,781,Instructor,21.0,,
482,Week foreign hundred financial goal.,1,2025-04-06,782,Course,,CS70,
483,While task above attack think.,3,2025-04-30,783,General System,,,
484,Check bill will beautiful none really.,2,2025-02-16,784,General System,,,
485,South Democrat right play sense far red.,3,2025-02-02,785,Instructor,97.0,,
486,Relate light central about particularly their purpose.,3,2025-02-19,786,Track,,,10.0
487,Strategy scientist fly benefit more effort.,4,2025-05-02,787,Instructor,75.0,,
488,Detail she future he even.,4,2025-03-01,788,General System,,,
489,Five would lot economy garden.,2,2025-01-10,789,Instructor,79.0,,
490,Use glass result gas environment executive too.,2,2025-05-04,790,General System,,,
491,Remember would most college kid effect.,3,2025-04-19,791,Track,,,4.0
492,Both team citizen enter.,2,2025-02-13,792,Track,,,1.0
493,Bad every month seem really look rich.,1,2025-02-09,793,General System,,,
494,Success follow move south.,3,2025-03-16,794,Instructor,78.0,,
495,People parent analysis less.,5,2025-03-18,795,Instructor,80.0,,
496,Rate board like money strategy service purpose yard.,3,2025-03-02,796,Instructor,24.0,,
497,Without beautiful partner long particularly.,5,2025-02-28,797,Track,,,5.0
498,Low herself score human treatment company Mrs.,3,2025-02-19,798,General System,,,
499,Letter think lose she run grow argue.,1,2025-05-26,799,Track,,,8.0
500,Both listen true whole individual per white.,3,2025-02-06,800,Course,,DV98,
501,Second eat health catch effort happy pattern.,5,2025-04-01,801,Course,,DS59,
502,Network language fill film news author those.,2,2025-04-15,802,Instructor,17.0,,
503,Amount fall foreign Republican plant other.,4,2025-02-25,803,Course,,WD73,
504,Loss late sea woman study see when.,3,2025-04-18,804,Course,,AI86,
505,Guess until over course scene probably.,3,2025-02-18,805,Track,,,8.0
506,Another pressure into couple relate American.,3,2025-05-23,806,Track,,,3.0
507,Do stock level finally customer production glass.,3,2025-03-01,807,Instructor,86.0,,
508,Simple bank clear around yet cold.,1,2025-02-22,808,Course,,MB16,
509,Assume education social include they defense wrong.,2,2025-03-06,809,Track,,,10.0
510,Light become kitchen top service organization.,1,2025-01-04,810,General System,,,
511,Process call fly bar against national fight safe.,3,2025-04-24,811,Track,,,7.0
512,Many project treat front fear.,5,2025-04-20,812,General System,,,
513,Arrive outside word capital life source today.,3,2025-04-25,813,Course,,PY48,
514,Available attorney add fly summer type.,4,2025-04-25,814,General System,,,
515,Stand fight worry experience traditional.,4,2025-01-21,815,Course,,WD28,
516,Pretty recently measure much health drive drive.,3,2025-03-08,816,Instructor,10.0,,
517,Yet maybe low wall.,5,2025-05-31,817,Course,,CS11,
518,He various can.,2,2025-04-03,818,General System,,,
519,Miss peace nor usually.,5,2025-03-04,819,General System,,,
520,Four professor few away.,2,2025-04-20,820,General System,,,
521,Join near their already lose across.,4,2025-01-24,821,Instructor,15.0,,
522,Across society one their center as particular.,2,2025-01-07,822,Course,,DS72,
523,Every much finish few investment agent me.,4,2025-03-06,823,Track,,,1.0
524,My begin man hope believe action.,4,2025-04-29,824,Course,,PY74,
525,Traditional school local necessary live travel.,4,2025-02-04,825,Track,,,10.0
526,Do according ball kind policy fill.,1,2025-05-25,826,Instructor,53.0,,
527,Start identify resource nor writer.,1,2025-04-14,827,Track,,,8.0
528,South north card water but stop.,3,2025-02-27,828,Course,,AI27,
529,Through area author deep show allow.,4,2025-04-13,829,Instructor,47.0,,
530,Believe paper center wind voice.,2,2025-04-25,830,Course,,WD94,
531,Issue ever free activity believe nation those.,4,2025-05-27,831,Track,,,9.0
532,Life senior bar case.,1,2025-01-09,832,Course,,UX31,
533,Field politics safe field garden of else.,2,2025-04-10,833,Track,,,7.0
534,Maintain age spring fall radio item operation.,3,2025-05-29,834,Course,,DS58,
535,Myself major discover child boy among wait.,2,2025-02-24,835,Instructor,55.0,,
536,Entire none may expert red.,4,2025-02-11,836,Track,,,9.0
537,Sister line responsibility blood boy already score.,5,2025-01-07,837,Track,,,8.0
538,Relate wind against table here day especially game.,1,2025-06-06,838,Course,,TS29,
539,Friend type effect benefit century bar.,1,2025-01-19,839,General System,,,
540,Guess house day worker training economic deal not.,5,2025-03-18,840,General System,,,
541,View concern eat Mrs.,5,2025-04-22,841,Course,,DS79,
542,Figure south store several enter out.,2,2025-05-28,842,General System,,,
543,Local sense character.,1,2025-06-05,843,General System,,,
544,Build full show dark represent professional.,3,2025-01-17,844,Course,,PY48,
545,Rise claim would soon adult.,3,2025-05-31,845,General System,,,
546,Movement charge most prove six explain.,2,2025-05-21,846,Track,,,5.0
547,Analysis small arm tax require ok.,1,2025-06-20,847,Instructor,42.0,,
548,Politics safe away international.,5,2025-05-09,848,General System,,,
549,Feeling event foreign magazine describe live.,4,2025-01-12,849,Instructor,44.0,,
550,Most analysis somebody free forget drop.,5,2025-05-27,850,Instructor,61.0,,
551,Arrive firm result thing.,5,2025-02-14,851,Instructor,51.0,,
552,Inside shoulder shoulder describe all sense affect pattern.,4,2025-05-10,852,General System,,,
553,Fire must media store response guess.,3,2025-05-09,853,Track,,,1.0
554,Often property cell event year source.,3,2025-02-05,854,Course,,PY76,
555,Answer employee approach catch nothing start.,3,2025-05-13,855,Course,,DV47,
556,Describe cover past late research check.,1,2025-02-19,856,General System,,,
557,Local summer various between would against that tell.,1,2025-03-28,857,General System,,,
558,High fire financial low kind.,4,2025-01-23,858,Track,,,5.0
559,Far believe million.,2,2025-04-19,859,Course,,DV50,
560,Page clear I fund fall mean.,4,2024-12-30,860,Instructor,88.0,,
561,Open wear their beautiful four capital point claim.,1,2024-12-29,861,Instructor,39.0,,
562,Positive order PM time.,2,2025-03-23,862,Course,,DS09,
563,Player movement score today and.,2,2025-01-11,863,Course,,MB03,
564,Too crime sister.,4,2025-02-21,864,Course,,CS64,
565,Wear plant real decision.,4,2025-02-28,865,Course,,DS65,
566,Into success stage bed factor peace Congress.,4,2025-01-07,866,Track,,,2.0
567,Decade early article born money maintain worker.,1,2025-03-19,867,Course,,CS70,
568,Instead century since try energy.,4,2025-01-24,868,Instructor,62.0,,
569,Grow suddenly likely without do agree.,3,2025-02-18,869,Course,,CS04,
570,Whether risk myself either least air.,3,2025-05-10,870,Course,,AI17,
571,Ability teacher season rest similar yet this.,4,2025-03-04,871,Instructor,43.0,,
572,Its manage find middle.,5,2025-03-10,872,Track,,,1.0
573,Management impact itself time suffer company point program.,3,2025-01-07,873,Instructor,99.0,,
574,Attorney position study prepare I activity.,5,2025-01-29,874,Track,,,9.0
575,Recent hospital since recent outside church.,1,2025-01-09,875,Track,,,3.0
576,That describe last easy cup nor both plan.,4,2025-04-09,876,Instructor,3.0,,
577,Answer environmental part.,5,2025-03-18,877,Course,,PY21,
578,Than watch lead if.,1,2025-03-15,878,Instructor,57.0,,
579,South PM stand common second threat.,4,2025-05-14,879,Course,,CS64,
580,Image least whatever shake tend strategy responsibility name.,5,2025-01-01,880,Track,,,5.0
581,Standard red seat deep our.,2,2025-01-18,881,General System,,,
582,Per suggest behind almost rest might.,3,2025-05-08,882,Course,,DV50,
583,Free thank include face.,4,2025-04-09,883,General System,,,
584,Them indicate inside value note plan week right.,4,2025-03-16,884,General System,,,
585,Capital provide yard his space third.,5,2025-02-24,885,Course,,AI27,
586,Fight same plant return realize heart.,1,2025-02-16,886,Instructor,7.0,,
587,Product painting bag him certainly despite some.,4,2025-01-09,887,Course,,BI02,
588,Mrs worker door hear.,5,2025-06-02,888,Course,,DS58,
589,Course spring night lead.,3,2025-04-26,889,General System,,,
590,Boy figure now skill next government throw.,3,2025-04-13,890,General System,,,
591,Meet off American prepare difficult as.,5,2025-06-21,891,Course,,PY85,
592,Those population movie subject receive blood federal.,1,2025-02-06,892,Track,,,2.0
593,Whatever court speak world red little feel.,3,2025-01-05,893,Course,,UX87,
594,Thank word third face.,1,2025-02-09,894,General System,,,
595,President star structure former fine.,3,2025-01-21,895,Track,,,2.0
596,Pretty answer these religious step but.,3,2025-02-24,896,Track,,,7.0
597,Less condition easy church.,2,2025-05-19,897,Track,,,9.0
598,Bank whether worker scientist idea teach.,3,2025-03-26,898,Course,,PY82,
599,Five long later until poor.,3,2025-05-25,899,General System,,,
600,Trial grow environment east.,1,2025-06-10,900,Course,,PY07,
601,Wish trial nature follow.,2,2025-05-12,901,Track,,,4.0
602,Not but seem.,3,2025-05-18,902,Instructor,54.0,,
603,Executive people range.,5,2025-04-11,903,General System,,,
604,Catch four walk land across.,5,2025-05-31,904,Track,,,7.0
605,Military everyone order prove make.,1,2025-03-13,905,Course,,MB16,
606,By section against.,1,2025-04-08,906,General System,,,
607,Someone prevent to at.,4,2025-05-27,907,Instructor,2.0,,
608,Hear identify fight those.,5,2025-03-07,908,Course,,WD30,
609,Face positive building site arrive.,4,2025-05-31,909,Track,,,4.0
610,Same central government.,4,2025-01-04,910,General System,,,
611,Free great notice when talk century every decide.,1,2025-06-05,911,Instructor,37.0,,
612,Skin civil career sell option part sort.,4,2025-01-08,912,Course,,BI06,
613,Shake surface feel truth detail seek support often.,5,2025-02-15,913,Course,,UX53,
614,Star senior participant nor bag community.,3,2025-03-19,914,Track,,,7.0
615,Them fight us any grow drop thousand small.,2,2025-05-21,915,Track,,,4.0
616,Civil newspaper sing instead street.,5,2025-01-21,916,Course,,BI83,
617,Leg listen newspaper bill any order team.,3,2025-02-02,917,Instructor,8.0,,
618,Story decade word tree set remain.,2,2025-04-09,918,General System,,,
619,Forward education increase would the center.,4,2025-04-29,919,Track,,,9.0
620,Develop show guess machine.,4,2025-04-12,920,Instructor,99.0,,
621,Can later much avoid adult garden.,3,2025-01-07,921,Instructor,50.0,,
622,Likely speak nature option.,3,2025-01-24,922,Instructor,49.0,,
623,Song economic mean step.,3,2025-05-08,923,Track,,,3.0
624,Time character design line ahead.,5,2025-02-07,924,Course,,CS22,
625,Page wait language former subject I.,5,2025-05-16,925,Track,,,2.0
626,All thus our sing bank.,3,2025-05-14,926,Course,,CS75,
627,Know human rather happen bill create.,3,2025-06-02,927,Instructor,37.0,,
628,Woman officer short may goal ability.,5,2025-03-10,928,Instructor,76.0,,
629,Language early weight high.,3,2025-05-29,929,Track,,,9.0
630,Size so thought picture economy personal mention.,1,2025-01-18,930,Course,,DS84,
631,Serious democratic among speech turn finish.,1,2025-03-29,931,Course,,AI100,
632,Image easy nature none remember on near.,3,2025-02-16,932,Instructor,29.0,,
633,Participant politics defense.,4,2025-01-26,933,General System,,,
634,Report shake bank.,5,2025-05-31,934,General System,,,
635,Suddenly leave only magazine small while find.,4,2025-03-12,935,Track,,,1.0
636,Ahead range cold area election purpose order.,5,2025-05-22,936,Instructor,82.0,,
637,Left themselves painting difference.,4,2025-01-20,937,Instructor,76.0,,
638,Whom play research.,1,2025-01-27,938,General System,,,
639,Notice tax scientist white hair fall message.,1,2025-03-17,939,Track,,,4.0
640,Song left support pretty husband.,5,2025-04-13,940,General System,,,
641,Lot surface mission sea.,3,2025-06-14,941,General System,,,
642,Crime southern once bad.,1,2025-03-02,942,Instructor,33.0,,
643,Box deep security per.,4,2025-01-27,943,General System,,,
644,Yeah parent head interest.,2,2025-02-22,944,Course,,UX53,
645,Ground fall discussion myself series institution.,3,2025-04-09,945,Course,,AI55,
646,Identify rest any seat contain glass than.,1,2025-02-01,946,Course,,PY24,
647,Customer long other article Mr spend.,4,2025-03-15,947,Track,,,9.0
648,Low body thank recent challenge among nation pass.,3,2025-02-12,948,General System,,,
649,Character cultural west huge energy remain.,3,2025-02-08,949,Course,,PY62,
650,Race mention on cover push response hot.,4,2025-05-17,950,General System,,,
651,Stuff tonight civil real short maybe take.,4,2025-06-14,951,General System,,,
652,House form heart here career campaign wait.,4,2024-12-30,952,Course,,AI100,
653,Nation evening bank crime in cultural.,2,2025-02-14,953,Instructor,51.0,,
654,Manage of seek as sound professor true.,1,2025-04-11,954,Instructor,4.0,,
655,Traditional respond deep pay far.,3,2025-02-10,955,Track,,,7.0
656,Term check girl political anyone.,1,2025-04-08,956,General System,,,
657,Prevent manage west different need reality against.,3,2025-01-22,957,Track,,,4.0
658,Course institution check across.,5,2025-05-04,958,General System,,,
659,Color explain can memory evening write move.,3,2025-05-27,959,Track,,,9.0
660,Board lose hour hour end service network.,5,2025-04-30,960,Instructor,95.0,,
661,Idea you read win.,5,2025-01-01,961,Instructor,64.0,,
662,Arm expert parent recent history skin attention.,2,2025-03-23,962,Course,,PY62,
663,Fine rise begin wife success glass I.,2,2025-04-01,963,General System,,,
664,Produce key course money necessary.,5,2025-04-15,964,Instructor,51.0,,
665,Argue method scientist history keep mind although.,4,2025-06-06,965,Course,,PY15,
666,Song it eight throughout trip standard machine.,3,2025-05-01,966,Instructor,53.0,,
667,Nice along light this surface seek.,2,2025-04-15,967,Instructor,34.0,,
668,Sing candidate research current build.,5,2025-01-24,968,Course,,CS66,
669,Nearly write development number value pull.,3,2025-03-28,969,Instructor,24.0,,
670,Gun fly coach within hold member.,2,2025-03-23,970,Course,,PY63,
671,Important reduce see single.,2,2025-04-23,971,Course,,DV35,
672,So unit everybody sense could require build.,4,2025-01-09,972,Course,,UX41,
673,Each respond seem cultural dog local set.,1,2024-12-25,973,Instructor,44.0,,
674,Sometimes actually hit collection call realize.,3,2025-06-01,974,Course,,PY74,
675,Cup kid pick black.,5,2025-01-23,975,General System,,,
676,Science threat begin.,1,2025-04-02,976,General System,,,
677,Ball music Mrs hear own early practice.,1,2025-04-12,977,Track,,,3.0
678,Beautiful paper now choose.,3,2025-01-09,978,Instructor,83.0,,
679,Bed sometimes through PM ask.,4,2025-01-16,979,General System,,,
680,Study actually even law especially.,4,2025-01-11,980,Instructor,71.0,,
681,Pattern size situation.,3,2025-02-05,981,Instructor,54.0,,
682,Citizen according also buy blood along.,5,2025-06-09,982,Instructor,45.0,,
683,Provide kid natural property compare none.,4,2025-04-30,983,Course,,CS66,
684,Southern edge town.,1,2025-03-25,984,General System,,,
685,Avoid above free effort.,5,2025-03-29,985,Instructor,81.0,,
686,Dinner network care.,5,2025-03-22,986,Instructor,77.0,,
687,Foot floor thought girl important especially store again.,3,2025-05-18,987,Course,,WD99,
688,Campaign customer car account few.,1,2025-04-23,988,Track,,,7.0
689,Scientist even listen.,4,2025-03-03,989,Course,,BI83,
690,Hot experience live instead within.,5,2025-06-02,990,Instructor,28.0,,
691,Wall system nearly property nor they most.,5,2025-03-30,991,Track,,,8.0
692,There note young.,3,2025-02-10,992,General System,,,
693,Close car reality trouble pull hour thus evidence.,3,2025-01-17,993,Course,,BI83,
694,Paper seat approach reveal her perhaps.,1,2025-03-07,994,Track,,,5.0
695,Final miss despite soldier soldier weight.,5,2025-04-12,995,Track,,,5.0
696,Direction card whether wait first.,2,2025-01-07,996,Track,,,9.0
697,Let consider night movement check race point.,3,2025-04-12,997,Instructor,17.0,,
698,True bit gas send wear mouth.,5,2025-06-06,998,Track,,,7.0
699,Much stuff voice factor hundred see describe.,5,2025-06-12,999,Course,,CS64,
700,Fall month few science system past.,4,2025-01-10,1000,General System,,,
701,Job mouth part majority.,4,2025-01-26,1001,Track,,,1.0
702,Its Republican marriage forget with.,3,2024-12-30,1002,General System,,,
703,Appear pick major seat kid.,5,2025-06-15,1003,Course,,UX53,
704,Sure offer treatment not camera would everybody.,5,2025-03-17,1004,General System,,,
705,Stop hear course manage far dark one.,3,2025-04-11,1005,Instructor,65.0,,
706,Knowledge exist how place share parent.,5,2025-03-26,1006,Course,,AI17,
707,Individual effort will per.,1,2025-06-06,1007,Track,,,7.0
708,Work baby certain.,2,2025-06-05,1008,Course,,PY63,
709,Walk may part usually serve husband.,2,2025-05-23,1009,Course,,WD23,
710,Child professor ok young conference girl.,3,2025-05-29,1010,General System,,,
711,Skill station per who news.,5,2024-12-30,1011,Instructor,55.0,,
712,Where test challenge price.,3,2025-05-25,1012,Track,,,10.0
713,Interest good catch yeah reflect him material.,5,2025-05-29,1013,Track,,,7.0
714,Range white return social major power message.,2,2025-01-17,1014,Instructor,49.0,,
715,Way difficult good just us some term.,2,2025-01-06,1015,Track,,,3.0
716,Him thought behind condition green too international.,2,2025-01-15,1016,General System,,,
717,Finally work star action series decide smile.,5,2025-02-14,1017,Track,,,5.0
718,Wall seem recent medical next work else.,5,2025-05-21,1018,Instructor,90.0,,
719,Economy impact us reflect compare nice.,3,2025-04-16,1019,Instructor,11.0,,
720,Use produce put manage.,3,2025-02-11,1020,General System,,,
721,Man enough hear movement.,5,2025-04-11,1021,Track,,,2.0
722,Condition bad yourself seek.,5,2025-03-25,1022,Course,,MB56,
723,Deep with technology science major.,2,2025-02-22,1023,Instructor,45.0,,
724,When all western community from goal ability.,2,2025-01-15,1024,Track,,,10.0
725,Week chance world Mr.,1,2025-03-27,1025,General System,,,
726,Data weight during laugh huge.,1,2025-03-09,1026,Instructor,90.0,,
727,Put right sure service paper marriage worker.,4,2025-03-06,1027,Instructor,87.0,,
728,Off movement why space.,4,2025-03-07,1028,Track,,,9.0
729,General always skin.,2,2025-03-26,1029,Track,,,10.0
730,Hospital inside must leave ball detail least rich.,2,2025-01-31,1030,Instructor,15.0,,
731,Safe their southern hour rich true recognize treat.,4,2025-04-30,1031,Track,,,1.0
732,Live along ten town across too.,3,2025-02-03,1032,Course,,BI38,
733,Arm give sea store state drug play.,4,2025-04-03,1033,Course,,MB54,
734,During at skin collection just step.,5,2025-06-04,1034,Course,,CS20,
735,Senior Republican which four hold.,4,2025-03-04,1035,Instructor,31.0,,
736,Notice condition night total turn paper maybe.,3,2025-05-24,1036,Track,,,8.0
737,West story some.,4,2025-04-10,1037,Track,,,2.0
738,I tax however.,4,2025-01-14,1038,General System,,,
739,Before firm describe fine series either.,2,2025-06-09,1039,Instructor,62.0,,
740,Offer along red white.,4,2025-04-20,1040,Instructor,2.0,,
741,Them identify radio size.,1,2025-03-11,1041,Instructor,47.0,,
742,Artist even trade gun red reflect.,3,2024-12-24,1042,Track,,,1.0
743,Seat you paper political PM some evidence center.,3,2025-03-10,1043,General System,,,
744,Maintain good civil husband.,5,2025-02-25,1044,Course,,DS68,
745,Situation knowledge fund enter available.,3,2025-04-03,1045,Course,,AI100,
746,Poor provide certain.,5,2025-02-19,1046,General System,,,
747,Democratic candidate check if join who one.,2,2025-01-06,1047,Track,,,10.0
748,Behind professional career president size rule.,1,2025-03-16,1048,General System,,,
749,Enjoy road serve claim hope officer people middle.,4,2025-03-09,1049,Instructor,64.0,,
750,Evening choose deal myself receive direction modern improve.,4,2025-04-25,1050,Track,,,8.0
751,Themselves but wind something activity artist.,1,2025-02-17,1051,Instructor,9.0,,
752,Fine evening upon board.,5,2025-02-27,1052,Instructor,87.0,,
753,Month back factor everyone.,3,2025-01-04,1053,General System,,,
754,Radio voice heavy let.,3,2025-03-14,1054,Instructor,67.0,,
755,Poor main rich treat.,5,2025-04-18,1055,Instructor,19.0,,
756,Hour approach create whom white rule high kid.,2,2025-03-16,1056,Course,,AI78,
757,Garden meet why science.,4,2025-03-13,1057,Course,,WD67,
758,Popular car get simply as toward recently.,1,2025-06-20,1058,Track,,,7.0
759,Only power environment be your whole last account.,1,2025-02-12,1059,General System,,,
760,Focus east time activity over meet.,4,2025-03-30,1060,Track,,,6.0
761,Degree behind contain.,3,2025-04-14,1061,Instructor,64.0,,
762,Last rise movement require.,1,2025-01-19,1062,Course,,BI02,
763,Let skin term sit trouble well.,1,2025-04-02,1063,Instructor,14.0,,
764,Take hard staff.,1,2025-06-15,1064,General System,,,
765,Threat anyone individual.,1,2025-02-26,1065,Track,,,3.0
766,Ground take alone help.,3,2025-06-06,1066,General System,,,
767,Fly bed seek billion country.,5,2024-12-30,1067,General System,,,
768,Listen general act outside understand stock.,5,2025-04-25,1068,Track,,,4.0
769,Alone quite minute include.,1,2025-02-06,1069,Instructor,78.0,,
770,For want ahead for member full new.,1,2025-01-01,1070,General System,,,
771,Agency rock sure camera small if realize between.,1,2025-01-07,1071,General System,,,
772,Travel necessary story dream.,4,2025-02-01,1072,Track,,,2.0
773,Listen key break take cover deal couple media.,5,2025-01-12,1073,Course,,CS11,
774,Bag card control share reflect hold eight.,2,2025-01-06,1074,Instructor,17.0,,
775,Time security into after cost effort.,2,2025-01-16,1075,Track,,,5.0
776,Fine teach difference approach leg.,4,2025-04-09,1076,Course,,DS65,
777,Student key series population cut.,4,2025-01-11,1077,Course,,DS84,
778,Congress bill follow sister someone week.,2,2025-05-13,1078,General System,,,
779,Discuss late need various create already.,1,2025-03-28,1079,Course,,UX93,
780,Evening maintain nearly product understand.,4,2025-03-22,1080,Track,,,7.0
781,Training themselves choose claim find partner.,1,2024-12-25,1081,Instructor,82.0,,
782,Wife full world pattern season risk during.,1,2025-06-02,1082,General System,,,
783,Question growth recently.,4,2025-06-19,1083,Track,,,5.0
784,Also seat product never.,5,2025-04-20,1084,Course,,AI17,
785,Truth her it employee see indeed.,4,2025-01-04,1085,General System,,,
786,Arrive they when through seat.,2,2025-02-07,1086,Course,,DV50,
787,Those all situation mother bag old week.,1,2024-12-27,1087,Course,,UX13,
788,Record into really guess.,3,2025-05-20,1088,Course,,BI19,
789,Eye kitchen treatment firm.,3,2025-03-25,1089,Instructor,56.0,,
790,Behind defense describe when also bank.,4,2025-01-20,1090,General System,,,
791,Eat rock someone one which head performance.,1,2025-04-20,1091,Course,,BI19,
792,Government business under cold green deep.,2,2025-05-11,1092,General System,,,
793,Animal institution me whole involve world much per.,1,2025-02-14,1093,Instructor,75.0,,
794,Work popular radio and resource thousand big resource.,2,2025-02-02,1094,Instructor,13.0,,
795,Effect official data public.,5,2025-03-06,1095,General System,,,
796,Blood near prove investment rock couple now.,2,2025-04-10,1096,Track,,,7.0
797,Contain successful full between movie.,5,2025-06-08,1097,Track,,,3.0
798,What night certainly security happen what.,2,2024-12-23,1098,Instructor,77.0,,
799,Me performance most policy support bank mind start.,4,2025-03-07,1099,Course,,WD32,
800,Country too least article day mean raise.,3,2025-06-08,1100,General System,,,
801,Trade main her son operation matter water.,5,2025-02-15,1101,General System,,,
802,Clearly likely yourself fund war serious until party.,3,2025-01-17,1102,Course,,WD43,
803,Cold local stock safe.,5,2025-05-04,1103,Instructor,3.0,,
804,Industry within poor debate head claim.,5,2025-04-21,1104,General System,,,
805,Speak bit recognize.,2,2025-03-28,1105,Instructor,15.0,,
806,Trade not draw thank.,4,2025-02-23,1106,Instructor,82.0,,
807,Employee design mind professor door center.,2,2025-05-12,1107,Course,,UX71,
808,Ok first along black common.,2,2025-06-16,1108,Course,,WD80,
809,Across catch school billion.,4,2025-02-01,1109,Course,,UX41,
810,Serious significant commercial can.,1,2025-04-03,1110,Track,,,9.0
811,The break federal anyone follow might at.,5,2024-12-23,1111,Course,,DS61,
812,Issue left doctor short.,3,2025-04-19,1112,Instructor,63.0,,
813,Add detail kitchen.,3,2025-04-14,1113,Track,,,9.0
814,Enough why teach and instead four visit.,3,2025-04-27,1114,Instructor,15.0,,
815,Turn degree foot edge at staff shake.,3,2025-01-30,1115,General System,,,
816,Middle hair we they hotel hot.,2,2025-04-20,1116,Track,,,5.0
817,Fire study student physical what lead west.,3,2025-05-22,1117,Course,,PY15,
818,Stand possible reason indeed.,4,2025-01-16,1118,Course,,WD80,
819,Develop agency bad manager suffer available within.,4,2025-01-24,1119,Instructor,64.0,,
820,Up reason good note later purpose.,3,2025-03-18,1120,Course,,CS75,
821,Color us kid.,3,2025-01-21,1121,Instructor,39.0,,
822,Series system price special civil only.,4,2025-01-12,1122,Instructor,66.0,,
823,Real option entire answer write.,5,2025-01-16,1123,General System,,,
824,Among light feel raise interesting level.,5,2025-04-19,1124,General System,,,
825,Mean management their.,4,2025-04-09,1125,General System,,,
826,Involve between management administration.,2,2025-03-15,1126,Track,,,8.0
827,Story foreign behind assume group defense chance.,1,2025-03-23,1127,General System,,,
828,Hit pass central catch college fall.,3,2025-05-18,1128,Instructor,100.0,,
829,Role money last themselves run.,3,2025-04-08,1129,Track,,,7.0
830,More enjoy move them expect produce.,5,2024-12-26,1130,General System,,,
831,Water would common size.,2,2025-03-03,1131,Track,,,4.0
832,Left ahead consider generation want decision author happen.,3,2025-01-01,1132,General System,,,
833,Entire story enjoy enjoy partner half bill.,4,2025-03-20,1133,Course,,WD28,
834,Eye information effort total into until.,2,2025-05-23,1134,General System,,,
835,Pay seven level item prevent throw.,4,2025-01-03,1135,Course,,DV89,
836,Generation camera whose feeling.,2,2025-01-06,1136,Track,,,4.0
837,Bar call itself skin.,2,2025-06-11,1137,General System,,,
838,Mean truth paper know state important.,3,2025-04-17,1138,Track,,,3.0
839,Court community off support western.,5,2025-06-21,1139,Track,,,10.0
840,Wish score author I.,1,2025-01-05,1140,General System,,,
841,Call experience window outside mother government.,2,2025-01-08,1141,Course,,CS49,
842,Modern simple task.,1,2025-06-16,1142,Track,,,8.0
843,Boy spring parent article answer most.,2,2025-03-29,1143,Track,,,6.0
844,Too difficult truth.,5,2025-05-19,1144,General System,,,
845,Operation any smile eat yourself health professional.,1,2025-03-14,1145,Course,,BI08,
846,Everything east some.,2,2025-02-06,1146,Instructor,6.0,,
847,Like authority else feeling walk good.,2,2025-02-19,1147,Track,,,10.0
848,Buy left program last police.,1,2025-04-21,1148,Track,,,9.0
849,Piece throw drive risk within visit respond.,5,2025-02-27,1149,Course,,PY63,
850,We center response good.,5,2025-06-11,1150,Instructor,40.0,,
851,Authority treat until physical politics couple.,2,2025-03-29,1151,Track,,,2.0
852,Check what call change daughter gun.,1,2025-04-10,1152,General System,,,
853,Member American agent example worry.,3,2025-02-19,1153,General System,,,
854,Professor herself former teacher along or mind.,1,2025-02-08,1154,Instructor,11.0,,
855,Good trip less happy politics stay care behavior.,3,2025-03-11,1155,General System,,,
856,Morning particularly recently write hear.,4,2025-01-11,1156,General System,,,
857,Somebody charge save instead a its.,4,2025-01-24,1157,Course,,TS29,
858,Source seek involve recent hour everybody table.,4,2025-03-11,1158,General System,,,
859,Citizen person another factor away certain appear.,3,2025-04-11,1159,Course,,CS51,
860,Even radio especially use too.,1,2025-02-19,1160,Instructor,10.0,,
861,Amount big behind real everyone else plant.,1,2025-04-27,1161,Course,,CS70,
862,Data baby certain.,3,2025-03-20,1162,Instructor,80.0,,
863,Happy skill instead economy space as.,5,2025-01-23,1163,General System,,,
864,Type together career.,1,2025-03-14,1164,Track,,,7.0
865,One across fine stand list.,1,2025-03-30,1165,Track,,,3.0
866,Put road event affect professional occur.,1,2025-05-26,1166,Track,,,7.0
867,Recently pick could believe production.,5,2025-02-18,1167,Track,,,2.0
868,During stage feel ground itself morning space.,5,2025-06-18,1168,Track,,,1.0
869,Identify information Mr money.,4,2025-06-17,1169,Instructor,47.0,,
870,A yes very like so whom specific.,3,2025-03-31,1170,Course,,MB54,
871,Reason certain realize itself other.,4,2025-02-26,1171,Course,,BI02,
872,Force attorney want sit.,1,2025-02-20,1172,General System,,,
873,Edge than blood.,3,2025-01-25,1173,Instructor,94.0,,
874,Pretty exist defense Mrs.,5,2025-02-27,1174,Instructor,53.0,,
875,Story yeah one can.,1,2025-02-26,1175,General System,,,
876,Stock identify two method.,2,2025-05-06,1176,Track,,,7.0
877,Ahead between wind.,2,2025-01-11,1177,General System,,,
878,Professional be none world.,4,2025-04-03,1178,Instructor,70.0,,
879,Institution another question.,1,2025-05-03,1179,Track,,,1.0
880,Never eight thank common less service.,4,2025-01-16,1180,Track,,,1.0
881,Less anything finish approach issue.,3,2025-01-22,1181,General System,,,
882,Impact cold bring.,1,2025-05-08,1182,Course,,AI88,
883,Game throw remain ever southern able.,3,2025-03-01,1183,Instructor,13.0,,
884,Nor probably organization fish.,1,2025-03-05,1184,Track,,,4.0
885,She enjoy name anyone of industry.,3,2025-01-04,1185,General System,,,
886,Language current much total rise.,2,2025-01-13,1186,Course,,DV89,
887,Animal make threat also behind.,5,2025-05-30,1187,Course,,MB69,
888,Plan physical across quality wife two.,4,2025-01-20,1188,Course,,DV60,
889,Parent development yes activity ten unit.,1,2025-03-01,1189,Instructor,52.0,,
890,Method power rather arm admit office card.,1,2025-01-13,1190,Track,,,7.0
891,News worker whom whose out him always.,5,2025-03-10,1191,General System,,,
892,Garden number city large population detail indicate.,5,2025-03-16,1192,Course,,AI88,
893,Want defense later throw husband.,3,2025-02-19,1193,General System,,,
894,Level game commercial star page production.,1,2025-05-29,1194,General System,,,
895,Candidate week report thousand.,2,2025-06-04,1195,General System,,,
896,Along check reveal none.,1,2025-01-12,1196,Course,,AI88,
897,Fight sure structure.,3,2025-03-04,1197,General System,,,
898,Speak particularly election process far technology.,4,2025-06-10,1198,Track,,,4.0
899,Chance beyond condition security next.,1,2025-04-10,1199,General System,,,
900,Write seem spring security spring design.,3,2025-03-03,1200,General System,,,
901,Clearly brother more when hold during natural some.,1,2025-04-04,1201,Track,,,5.0
902,And send traditional character project site student.,1,2025-06-11,1202,Course,,CS05,
903,Lay piece deal design.,2,2025-01-18,1203,Course,,CS22,
904,Bad soldier court allow.,4,2025-04-27,1204,Instructor,55.0,,
905,Box eye case town.,2,2025-02-04,1205,General System,,,
906,Career production baby.,4,2024-12-23,1206,Instructor,96.0,,
907,Approach goal floor fly author.,2,2025-02-11,1207,General System,,,
908,Beat stop with.,4,2025-04-15,1208,Course,,AI100,
909,Any expert seat strong.,5,2025-06-05,1209,Instructor,61.0,,
910,Of still accept outside worry street.,1,2024-12-31,1210,Instructor,30.0,,
911,West among force show term.,5,2025-03-13,1211,Course,,MB52,
912,Truth provide lose newspaper.,5,2025-03-11,1212,Course,,AI88,
913,Economic person almost herself about better end.,2,2025-03-17,1213,Instructor,33.0,,
914,Conference ability through more stock writer consider.,5,2025-04-03,1214,Track,,,5.0
915,Move cultural light Congress that degree hour hotel.,5,2025-03-29,1215,Course,,PY07,
916,Institution land each measure structure mouth assume.,1,2025-02-17,1216,Course,,DS45,
917,Forget few quickly less we activity understand.,2,2025-04-07,1217,Instructor,49.0,,
918,Mention ask energy cover.,3,2025-02-11,1218,General System,,,
919,Make onto up middle wait him.,4,2025-01-01,1219,Instructor,91.0,,
920,Team anyone decade.,5,2025-02-09,1220,Course,,BI83,
921,Rate task science service position.,3,2024-12-26,1221,Course,,DV60,
922,Than industry sport study these base.,4,2025-03-29,1222,Course,,WD30,
923,Themselves member front possible even past training.,5,2025-01-05,1223,General System,,,
924,Certain affect through challenge officer.,2,2025-04-20,1224,Instructor,8.0,,
925,Must seat magazine would.,3,2025-01-12,1225,Instructor,46.0,,
926,Send be back value family early summer.,3,2025-01-30,1226,Course,,CS18,
927,Rate system read fill need number.,1,2025-05-31,1227,General System,,,
928,Middle people get recognize future.,1,2025-04-17,1228,Instructor,97.0,,
929,Blue federal start people everybody concern.,2,2025-03-20,1229,Instructor,96.0,,
930,Response answer break base hospital student.,4,2025-06-02,1230,Instructor,54.0,,
931,Mention dark hour travel Republican property.,1,2025-01-17,1231,Instructor,68.0,,
932,Particularly recently its agent imagine.,1,2025-03-16,1232,Course,,CS18,
933,Card here game wonder approach issue.,2,2025-02-23,1233,Track,,,1.0
934,Forward already program high sing recently occur.,3,2025-04-14,1234,General System,,,
935,Rise ability black employee couple after.,1,2025-05-21,1235,Course,,BI08,
936,Marriage school job stop story example.,1,2025-02-21,1236,Instructor,30.0,,
937,Nothing evening than improve treat perhaps natural.,3,2025-02-27,1237,Track,,,6.0
938,Eat answer pattern assume cost.,1,2025-06-16,1238,Course,,UX93,
939,Official that fall water.,1,2025-02-12,1239,Track,,,3.0
940,Safe but her cut everything western help.,5,2025-04-27,1240,Instructor,18.0,,
941,Choose grow east treat interest tough.,1,2025-02-21,1241,Instructor,31.0,,
942,Condition life despite if.,3,2025-03-20,1242,Instructor,22.0,,
943,Pass street so type.,5,2025-03-18,1243,Instructor,23.0,,
944,Financial subject mention music receive nearly computer describe.,1,2024-12-24,1244,Instructor,85.0,,
945,Computer reach let address seat list.,1,2025-06-06,1245,Track,,,3.0
946,Play blood itself local professional yourself.,1,2025-01-10,1246,Track,,,5.0
947,Series after Mr better race.,2,2024-12-31,1247,Course,,UX93,
948,Federal reality rate air follow economic.,1,2025-01-04,1248,Track,,,1.0
949,Together watch particularly on store ready.,1,2025-02-27,1249,Instructor,47.0,,
950,History simple simple goal probably take mission.,3,2025-05-09,1250,General System,,,
951,Poor cultural discussion these window.,5,2025-06-08,1251,Instructor,7.0,,
952,Again consumer hundred run born upon decide school.,4,2025-04-29,1252,General System,,,
953,Per affect story million become part.,2,2025-02-16,1253,Instructor,48.0,,
954,Congress evidence body short continue.,5,2024-12-23,1254,Instructor,7.0,,
955,Forward response guess type total small especially.,5,2025-02-15,1255,Course,,BI02,
956,Well do short already police back.,5,2025-05-06,1256,General System,,,
957,Cold every those officer style oil girl.,3,2025-05-12,1257,Instructor,100.0,,
958,Challenge will among seem.,1,2025-04-18,1258,General System,,,
959,Ahead clear individual total song herself free.,1,2025-05-18,1259,Instructor,31.0,,
960,Box person by woman rate arrive.,1,2025-04-03,1260,Track,,,10.0
961,Art business whose marriage resource value prepare parent.,1,2025-04-18,1261,Track,,,6.0
962,Offer form represent center value since.,4,2025-03-16,1262,Track,,,5.0
963,Medical away or again easy.,4,2025-03-29,1263,Instructor,55.0,,
964,Natural force message hour rest center particular adult.,1,2025-01-11,1264,General System,,,
965,Site popular room continue.,5,2025-04-07,1265,Instructor,71.0,,
966,Wish night blue light wonder thank.,3,2025-01-27,1266,Course,,CS70,
967,Worry pay myself save.,3,2024-12-27,1267,Course,,WD77,
968,Group strategy camera opportunity measure.,2,2025-05-19,1268,Instructor,16.0,,
969,Analysis option image agent soon statement.,2,2025-01-28,1269,Track,,,10.0
970,Six yet arrive certain fish perhaps.,2,2025-04-20,1270,General System,,,
971,Determine amount wear I whatever man serious.,4,2024-12-24,1271,Track,,,4.0
972,Star street keep become authority style.,3,2025-05-06,1272,Instructor,35.0,,
973,Loss contain place challenge school.,2,2025-02-04,1273,Course,,WD94,
974,Owner rate everybody.,4,2025-05-15,1274,Track,,,5.0
975,Art herself size discuss everything kid message.,1,2025-05-23,1275,Track,,,2.0
976,Hard science respond fill rule important positive.,4,2025-04-26,1276,Instructor,65.0,,
977,Several election less strategy thousand.,3,2025-02-10,1277,Course,,WD94,
978,Carry sit money cell management no.,2,2025-06-03,1278,General System,,,
979,Experience question kitchen system yard executive.,3,2025-02-19,1279,General System,,,
980,Matter food hour method score.,3,2025-02-18,1280,Instructor,15.0,,
981,School between mean wish body laugh time.,5,2025-02-22,1281,Track,,,5.0
982,Each interesting human develop something.,1,2025-05-07,1282,Instructor,88.0,,
983,South house range it someone even knowledge conference.,3,2025-03-23,1283,Track,,,6.0
984,Environmental continue happen begin.,4,2025-02-07,1284,General System,,,
985,Knowledge their yard nor.,4,2025-03-14,1285,Instructor,90.0,,
986,Medical interest develop.,4,2025-06-01,1286,General System,,,
987,Maintain rule candidate news television strong pressure.,4,2025-05-23,1287,Track,,,1.0
988,While manager turn first life.,4,2025-01-16,1288,General System,,,
989,Site individual truth almost class certain security.,4,2025-06-12,1289,Course,,DS10,
990,At dark catch.,4,2025-04-24,1290,Instructor,77.0,,
991,Trip reveal him improve.,3,2025-05-22,1291,Instructor,26.0,,
992,Base structure compare information nice rule through.,2,2025-04-07,1292,Instructor,96.0,,
993,Admit answer baby current fine phone.,2,2024-12-29,1293,General System,,,
994,Sea his worker.,2,2025-01-28,1294,Track,,,6.0
995,Store itself play guess teacher economy weight.,5,2025-06-18,1295,General System,,,
996,Know important nor different.,5,2025-03-04,1296,Course,,DS09,
997,Itself under identify hair figure toward sea natural.,5,2025-04-29,1297,Track,,,3.0
998,Mouth tonight common it painting standard gas.,5,2024-12-23,1298,General System,,,
999,Tell budget call.,1,2025-01-22,1299,Instructor,25.0,,
1000,Executive summer even security difference field evidence.,1,2025-02-16,1300,General System,,,
