StudentID,PositionTitle,HiringStatus,CompanyName,CompanyLevel,FinalEvaluation,GradutationDate
301,Software Engineer,Hired,"Watson, Case and Frederick",multinational,90,2023-11-09
302,Data Analyst,Not Hired,No Company,None,70,2023-07-05
303,Software Engineer,Hired,"Taylor, Lee and Lucas",multinational,70,2024-05-13
304,UX Designer,Hired,"Mckinney, Steele and Atkinson",national,70,2024-06-27
305,Network Admin,Hired,"Oconnell, Grant and Parker",national,90,2023-07-09
306,Data Analyst,Hired,Tucker-Wilcox,multinational,90,2025-05-27
307,Data Analyst,Hired,Lopez-Kirby,startup,90,2023-12-20
308,Software Engineer,Hired,"Gross, Riddle and Gonzales",national,70,2025-04-22
309,UX Designer,Hired,"Strickland, Ortiz and Shields",multinational,80,2023-07-19
310,Network Admin,Hired,Simon-Robinson,startup,70,2023-09-16
311,Software Engineer,Hired,Edwards LLC,startup,90,2024-10-26
312,Network Admin,Hired,"Hicks, Harris and Cruz",national,70,2024-10-11
313,UX Designer,Hired,"Kennedy, Manning and Bennett",national,80,2024-06-17
314,Software Engineer,Not Hired,No Company,None,90,2024-11-20
315,UX Designer,Hired,"Huber, Haas and Reid",startup,90,2025-04-22
316,UX Designer,Hired,Cline LLC,startup,80,2023-09-05
317,Network Admin,Hired,"Cole, Garcia and Roberts",national,80,2024-10-16
318,UX Designer,Hired,"Davis, Suarez and Davis",national,70,2023-10-29
319,Data Analyst,Hired,"Smith, Mayo and Valentine",national,70,2023-11-30
320,Network Admin,Hired,Garcia-Gonzalez,multinational,90,2024-11-19
321,Software Engineer,Not Hired,No Company,None,80,2024-03-26
322,Network Admin,Not Hired,No Company,None,90,2025-03-15
323,Data Analyst,Hired,Romero Ltd,multinational,80,2025-02-10
324,Data Analyst,Hired,Lowe-Rogers,multinational,80,2025-06-04
325,Network Admin,Hired,Williams Group,multinational,80,2024-03-25
326,Software Engineer,Hired,"Tran, Leblanc and Newton",multinational,90,2024-11-18
327,UX Designer,Hired,Bird Group,startup,70,2024-10-02
328,Network Admin,Hired,"Ward, Le and Henderson",national,70,2023-12-07
329,Data Analyst,Hired,Scott-Hogan,startup,80,2024-12-13
330,Data Analyst,Hired,"Alexander, Brown and Smith",multinational,80,2024-07-28
331,UX Designer,Hired,Washington-Osborne,national,80,2024-11-19
332,Software Engineer,Hired,Garcia Group,startup,80,2025-04-28
333,Software Engineer,Hired,"Peck, Thompson and Mullins",national,70,2024-10-28
334,Data Analyst,Hired,Roy-Ware,national,90,2024-01-24
335,Network Admin,Not Hired,No Company,None,90,2025-05-31
336,Software Engineer,Hired,Davis-Li,national,70,2025-06-07
337,UX Designer,Hired,Mccall LLC,multinational,90,2024-02-10
338,Software Engineer,Hired,"Burns, Moody and Ward",multinational,90,2025-02-25
339,Network Admin,Hired,"Lewis, Wilson and Stone",startup,70,2024-07-22
340,Network Admin,Hired,Long Ltd,multinational,80,2023-07-06
341,Network Admin,Hired,Mcdonald-Butler,national,90,2023-08-17
342,Network Admin,Hired,"Martin, Mcmahon and Aguilar",startup,70,2025-01-05
343,UX Designer,Hired,"Wood, Brown and Thompson",national,90,2025-03-31
344,Software Engineer,Hired,"Evans, Long and Stephenson",multinational,90,2025-03-19
345,UX Designer,Hired,Tate LLC,startup,70,2023-11-24
346,Software Engineer,Hired,"Russell, Lewis and Jones",multinational,90,2025-05-18
347,Software Engineer,Hired,Holland-Johnson,startup,80,2024-03-31
348,Data Analyst,Hired,Hernandez-Morrison,startup,70,2024-11-21
349,Data Analyst,Hired,Keith-Blair,startup,90,2025-03-01
350,Software Engineer,Hired,"Rodgers, Patterson and Mccarthy",multinational,80,2024-04-23
351,UX Designer,Hired,Garcia Inc,national,80,2023-10-08
352,Software Engineer,Hired,"Alexander, Ross and Kaufman",multinational,90,2024-08-27
353,Software Engineer,Hired,Myers-Williams,startup,70,2025-05-16
354,Network Admin,Hired,Clayton and Sons,startup,90,2023-07-28
355,Software Engineer,Hired,Manning Group,startup,70,2025-01-03
356,UX Designer,Hired,Frost PLC,multinational,70,2024-11-06
357,Software Engineer,Hired,Ferguson-Williams,national,90,2024-02-11
358,UX Designer,Hired,Garcia and Sons,startup,70,2023-09-17
359,UX Designer,Not Hired,No Company,None,70,2024-08-13
360,UX Designer,Hired,Houston Inc,national,90,2024-05-28
361,Network Admin,Hired,Orozco PLC,national,70,2023-11-22
362,Data Analyst,Hired,Wiggins-Jones,multinational,80,2023-12-13
363,Software Engineer,Hired,Hampton Group,national,70,2023-09-10
364,Network Admin,Hired,"Arnold, Gillespie and Rivera",national,70,2024-09-27
365,Data Analyst,Hired,Butler PLC,startup,80,2024-11-13
366,Network Admin,Hired,Martin-Stafford,multinational,80,2024-06-23
367,Data Analyst,Hired,Williams-Padilla,multinational,80,2025-06-06
368,Network Admin,Hired,Washington LLC,multinational,90,2024-01-12
369,Network Admin,Hired,Smith PLC,national,70,2025-04-18
370,UX Designer,Hired,Dominguez-Wilson,startup,80,2024-04-04
371,Software Engineer,Hired,Reid Group,startup,90,2023-12-30
372,UX Designer,Not Hired,No Company,None,80,2023-09-11
373,Software Engineer,Hired,Williams Inc,multinational,80,2025-01-24
374,Data Analyst,Hired,Lester-Bell,national,80,2024-08-12
375,Software Engineer,Hired,Whitaker-Webb,startup,90,2025-05-28
376,Software Engineer,Hired,King-Harris,national,80,2024-10-17
377,UX Designer,Hired,Hill PLC,startup,70,2024-01-02
378,Data Analyst,Hired,"Mckinney, Boyle and Maxwell",national,70,2025-05-06
379,UX Designer,Hired,Ellis-Suarez,multinational,80,2023-10-24
380,Data Analyst,Hired,Campos-Nash,multinational,70,2023-12-27
381,Network Admin,Not Hired,No Company,None,80,2023-08-30
382,Data Analyst,Hired,Young-Ware,startup,80,2024-03-26
383,Network Admin,Hired,Rodriguez and Sons,multinational,80,2023-10-08
384,Software Engineer,Hired,"Bradley, Perez and Dawson",national,80,2024-01-10
385,Network Admin,Hired,Schmidt-Woods,startup,80,2024-10-24
386,UX Designer,Hired,"Floyd, Rodriguez and Ward",national,80,2023-12-16
387,Network Admin,Hired,Ho-Combs,multinational,70,2024-07-27
388,Network Admin,Not Hired,No Company,None,90,2023-09-15
389,Data Analyst,Hired,Gonzales Inc,national,80,2024-05-18
390,UX Designer,Hired,Farmer Ltd,national,70,2023-08-19
391,Data Analyst,Hired,Kim LLC,startup,70,2024-04-10
392,Software Engineer,Not Hired,No Company,None,90,2024-01-04
393,Software Engineer,Hired,Krause-Caldwell,multinational,90,2024-02-09
394,UX Designer,Hired,"Schmidt, Hernandez and Tran",multinational,90,2023-06-26
395,Network Admin,Hired,"Miller, Mcmahon and Contreras",multinational,80,2024-04-25
396,Network Admin,Hired,"Keller, Wilson and Calhoun",national,80,2024-11-14
397,Network Admin,Hired,"Hammond, Bailey and Flowers",national,90,2024-08-06
398,Data Analyst,Hired,Molina-Johnson,startup,70,2023-08-22
399,Data Analyst,Hired,"Tran, Rogers and Munoz",multinational,80,2024-10-04
400,Network Admin,Not Hired,No Company,None,90,2024-05-11
401,Data Analyst,Hired,Stewart PLC,startup,70,2024-09-26
402,Network Admin,Hired,Rodriguez Ltd,multinational,80,2024-03-03
403,Software Engineer,Not Hired,No Company,None,90,2023-07-30
404,Network Admin,Hired,"Cruz, Parker and Hughes",national,70,2024-07-29
405,UX Designer,Hired,Anderson Group,startup,80,2023-08-19
406,UX Designer,Not Hired,No Company,None,80,2024-04-02
407,Network Admin,Not Hired,No Company,None,70,2025-03-09
408,Software Engineer,Hired,"Freeman, Singleton and Hill",multinational,70,2025-01-20
409,Software Engineer,Hired,Campbell-Barron,multinational,70,2024-06-26
410,Data Analyst,Hired,Kirby PLC,startup,80,2023-12-09
411,Network Admin,Hired,Miller Group,multinational,70,2024-08-22
412,UX Designer,Hired,"Martin, Luna and Ford",multinational,70,2023-12-16
413,Data Analyst,Hired,Johnson-Hinton,national,70,2025-02-11
414,Network Admin,Hired,"Caldwell, Jenkins and Rasmussen",multinational,80,2024-08-01
415,Data Analyst,Hired,Long-Hudson,national,90,2024-06-21
416,Data Analyst,Hired,"Nguyen, Smith and Allen",national,80,2024-07-30
417,Network Admin,Hired,"Beck, Cunningham and Jordan",national,70,2024-08-09
418,Network Admin,Hired,Garcia PLC,national,80,2025-02-18
419,Software Engineer,Hired,Ramirez-Singleton,national,90,2024-02-16
420,UX Designer,Hired,Jacobs PLC,startup,90,2024-04-08
421,Software Engineer,Hired,Sullivan-White,startup,70,2024-12-16
422,Network Admin,Not Hired,No Company,None,70,2024-07-03
423,UX Designer,Hired,"Leach, Williams and Mckay",multinational,70,2024-04-08
424,Data Analyst,Hired,"Myers, Moyer and Norman",multinational,80,2024-04-01
425,Network Admin,Hired,Willis Inc,national,90,2023-09-17
426,Software Engineer,Hired,Kennedy PLC,multinational,90,2024-01-10
427,UX Designer,Hired,Miller-Harris,multinational,70,2024-12-22
428,Network Admin,Hired,Dougherty LLC,multinational,90,2024-10-01
429,UX Designer,Hired,Zimmerman Inc,multinational,70,2024-06-07
430,Software Engineer,Hired,Taylor Group,national,80,2023-11-17
431,Network Admin,Not Hired,No Company,None,90,2023-08-16
432,UX Designer,Hired,"Krause, Miller and Jarvis",startup,70,2025-03-02
433,UX Designer,Hired,"Summers, Richardson and Lee",multinational,70,2023-11-14
434,Network Admin,Hired,Davis-Harris,national,70,2024-07-12
435,Data Analyst,Hired,"Martinez, Kelley and Wilson",startup,90,2024-06-11
436,UX Designer,Hired,"Mcfarland, Thomas and West",startup,90,2024-02-25
437,Network Admin,Hired,Zhang-Vang,national,90,2025-05-11
438,UX Designer,Hired,Jackson-Evans,startup,80,2025-05-31
439,Data Analyst,Hired,"Ford, Ramsey and Cardenas",startup,90,2024-12-03
440,Software Engineer,Hired,"Hill, Richardson and Taylor",startup,90,2023-12-08
441,UX Designer,Hired,"Rice, Gonzales and Holden",national,70,2023-10-12
442,Data Analyst,Hired,Mitchell LLC,startup,70,2023-06-30
443,Software Engineer,Hired,Mitchell and Sons,multinational,80,2024-06-18
444,Software Engineer,Hired,Ibarra-Davis,national,70,2023-07-01
445,UX Designer,Hired,Arias Group,startup,80,2023-12-01
446,Data Analyst,Hired,"Pierce, Rhodes and Patel",multinational,80,2025-05-03
447,Data Analyst,Hired,"King, Herrera and Moreno",multinational,80,2024-08-18
448,Software Engineer,Hired,Hicks PLC,startup,90,2024-09-08
449,UX Designer,Hired,"Huerta, Miranda and Chambers",national,90,2023-08-22
450,UX Designer,Hired,"Espinoza, Stewart and Hebert",startup,90,2023-12-12
451,Network Admin,Hired,Mendoza Inc,multinational,70,2024-09-02
452,UX Designer,Hired,Smith Group,multinational,70,2023-09-06
453,UX Designer,Hired,"Soto, Washington and Mccall",multinational,80,2023-11-15
454,Network Admin,Hired,Yang and Sons,multinational,90,2024-05-11
455,UX Designer,Hired,"Rogers, Armstrong and Irwin",startup,80,2025-01-30
456,Data Analyst,Hired,Miller Ltd,multinational,80,2023-09-02
457,Network Admin,Hired,Frederick Group,national,70,2025-06-07
458,Software Engineer,Hired,Graves and Sons,startup,70,2024-04-21
459,Data Analyst,Hired,Ortiz PLC,national,90,2025-04-03
460,UX Designer,Hired,"Sandoval, Avery and Anderson",startup,90,2024-11-08
461,Network Admin,Not Hired,No Company,None,80,2024-07-26
462,Data Analyst,Not Hired,No Company,None,80,2025-03-14
463,Data Analyst,Hired,"Wright, Petersen and Cook",multinational,70,2024-11-21
464,Software Engineer,Hired,Peterson Inc,startup,80,2025-04-10
465,Network Admin,Hired,Greer and Sons,startup,70,2024-11-05
466,Data Analyst,Hired,Moore-Reed,startup,90,2024-11-15
467,UX Designer,Not Hired,No Company,None,70,2023-07-24
468,Software Engineer,Hired,"Ortiz, Gomez and Baldwin",startup,70,2024-03-10
469,Network Admin,Hired,Mccarty-Trevino,startup,90,2024-10-25
470,Software Engineer,Hired,Sullivan-Ross,multinational,80,2024-01-13
471,Software Engineer,Hired,"Gentry, Cruz and Ross",multinational,80,2025-01-12
472,Software Engineer,Hired,Harrison-Brooks,multinational,90,2024-11-07
473,Software Engineer,Hired,"Riley, Davis and Sexton",startup,80,2023-10-23
474,UX Designer,Hired,"Jones, Taylor and Lee",startup,70,2024-06-17
475,UX Designer,Hired,Herman Ltd,national,80,2023-10-18
476,Software Engineer,Hired,Brown-Greer,multinational,80,2023-08-06
477,Network Admin,Hired,"Gomez, Bruce and Fritz",multinational,80,2023-10-04
478,Network Admin,Hired,"Dorsey, Shea and Walton",startup,90,2023-12-09
479,Data Analyst,Hired,"Edwards, Larson and Sullivan",national,70,2023-07-06
480,UX Designer,Hired,Valenzuela-Solomon,national,70,2024-05-27
481,Network Admin,Hired,Navarro-Ward,startup,70,2024-12-18
482,UX Designer,Hired,Fuller-Morales,startup,90,2023-09-29
483,Network Admin,Hired,Ho-Nguyen,national,90,2025-05-26
484,Data Analyst,Hired,Taylor-Payne,startup,90,2025-05-12
485,Network Admin,Hired,Long Inc,national,80,2023-09-25
486,Data Analyst,Hired,Reynolds Group,startup,70,2023-08-29
487,Software Engineer,Hired,Gonzalez-Ramirez,multinational,80,2024-01-18
488,UX Designer,Hired,Wallace Ltd,multinational,80,2024-12-18
489,Data Analyst,Hired,Rodriguez-Townsend,startup,80,2023-12-04
490,Software Engineer,Not Hired,No Company,None,90,2024-03-29
491,UX Designer,Hired,"Barnes, Morgan and Johnson",startup,80,2025-04-28
492,Data Analyst,Not Hired,No Company,None,90,2023-10-24
493,Network Admin,Hired,Thompson-Page,multinational,80,2024-01-13
494,Network Admin,Hired,"Bryan, Farrell and Hernandez",multinational,70,2024-12-19
495,UX Designer,Hired,Montgomery-Weaver,multinational,90,2024-06-15
496,Network Admin,Hired,Owens and Sons,multinational,80,2024-01-28
497,UX Designer,Hired,"Curry, Fields and Fuentes",startup,80,2025-05-30
498,Software Engineer,Hired,Yates LLC,startup,70,2023-10-05
499,UX Designer,Hired,Schroeder-Garcia,national,90,2024-11-18
500,UX Designer,Hired,Martin and Sons,national,70,2024-09-11
501,UX Designer,Hired,"Smith, Hayes and Jackson",national,70,2024-10-20
502,Software Engineer,Not Hired,No Company,None,70,2024-10-09
503,Data Analyst,Hired,Espinoza-Sharp,multinational,70,2024-04-25
504,Data Analyst,Hired,Rodgers and Sons,national,80,2024-07-11
505,UX Designer,Hired,"Atkinson, King and Brown",national,80,2024-02-23
506,Software Engineer,Not Hired,No Company,None,70,2023-07-26
507,Software Engineer,Hired,Roberson-Lewis,multinational,90,2025-04-21
508,UX Designer,Hired,Boyd-Raymond,startup,80,2024-12-01
509,Network Admin,Hired,"Wilson, Mclaughlin and Hernandez",multinational,80,2025-01-06
510,UX Designer,Hired,Newton-Johnson,multinational,80,2025-05-25
511,Network Admin,Hired,Stout-Cantu,multinational,90,2025-03-08
512,Software Engineer,Hired,"Goodwin, Davis and Harris",startup,90,2024-09-22
513,Network Admin,Hired,"Conner, Dominguez and Ward",multinational,70,2023-10-10
514,Network Admin,Hired,Cruz PLC,startup,80,2025-04-08
515,Data Analyst,Not Hired,No Company,None,80,2023-12-11
516,Software Engineer,Hired,Stokes and Sons,national,80,2023-12-23
517,UX Designer,Hired,Clark-Martinez,national,70,2025-05-24
518,Network Admin,Hired,"Booker, Ochoa and Myers",multinational,70,2023-08-28
519,Data Analyst,Hired,"Wilson, Lewis and Wilson",multinational,80,2024-07-16
520,Data Analyst,Hired,Cole-Bell,startup,90,2024-09-01
521,Network Admin,Hired,Tate Ltd,startup,90,2024-04-19
522,UX Designer,Hired,Leon Group,startup,80,2023-07-12
523,UX Designer,Hired,"Hahn, Black and Williams",national,80,2024-03-06
524,Network Admin,Hired,Mercer LLC,startup,70,2023-12-29
525,Network Admin,Hired,"Rodriguez, Cross and Kim",multinational,90,2024-10-29
526,UX Designer,Hired,"Walker, Greene and Williams",startup,80,2025-05-29
527,Network Admin,Hired,"Hansen, Velasquez and Smith",national,80,2024-08-18
528,Software Engineer,Hired,White-Brown,multinational,90,2023-09-29
529,Software Engineer,Hired,Joseph Group,national,70,2025-01-09
530,Data Analyst,Hired,Thornton-Moore,national,80,2023-07-05
531,Data Analyst,Hired,"Stevens, Williams and Rodriguez",national,80,2023-09-11
532,Software Engineer,Hired,"Hansen, Daniel and Preston",national,70,2023-09-14
533,Data Analyst,Hired,"Craig, Escobar and Webster",startup,70,2023-09-01
534,Data Analyst,Hired,Ferrell Inc,startup,70,2025-06-01
535,Network Admin,Hired,Cannon and Sons,multinational,90,2025-05-11
536,Network Admin,Hired,"Castillo, Davies and Mcdaniel",national,90,2023-07-21
537,UX Designer,Hired,Harrison and Sons,national,80,2024-08-17
538,Data Analyst,Hired,"Johnson, Smith and Hawkins",multinational,90,2024-12-21
539,Software Engineer,Hired,Burns-Hernandez,national,80,2025-06-09
540,Network Admin,Hired,"Gilmore, Rivas and Salinas",multinational,80,2024-12-02
541,UX Designer,Hired,"Silva, Cummings and Collins",startup,90,2024-10-09
542,UX Designer,Not Hired,No Company,None,90,2023-07-01
543,Network Admin,Hired,"Chambers, Schroeder and Cook",national,90,2024-12-05
544,Data Analyst,Not Hired,No Company,None,90,2024-09-20
545,UX Designer,Hired,Smith-Davis,multinational,70,2023-07-25
546,Data Analyst,Hired,Cox-Lucas,multinational,70,2024-12-05
547,UX Designer,Hired,"Kennedy, Hampton and Farley",multinational,80,2023-10-05
548,Software Engineer,Hired,Carlson-Mosley,startup,80,2025-06-04
549,UX Designer,Hired,"Jackson, Ramsey and Rangel",startup,90,2023-09-16
550,UX Designer,Hired,Garcia LLC,national,90,2023-07-14
551,Network Admin,Hired,Bradford PLC,startup,80,2024-09-06
552,Software Engineer,Hired,Brown-Ramos,startup,80,2024-07-10
553,Network Admin,Not Hired,No Company,None,80,2025-05-20
554,Software Engineer,Hired,Day LLC,startup,80,2024-01-04
555,Network Admin,Hired,Taylor-Ramirez,national,70,2024-05-25
556,UX Designer,Hired,"King, Hughes and Cabrera",multinational,90,2025-01-08
557,UX Designer,Hired,"Short, Greene and Poole",startup,80,2023-11-09
558,Software Engineer,Hired,Barnes Group,multinational,70,2023-10-04
559,UX Designer,Hired,Hernandez-Taylor,multinational,90,2023-12-24
560,Network Admin,Hired,"Howard, Baker and Lowe",startup,70,2025-01-12
561,Data Analyst,Hired,Brown-Adams,national,90,2024-10-13
562,Software Engineer,Hired,"Roach, Stout and Mitchell",multinational,80,2024-08-02
563,Software Engineer,Hired,"Gutierrez, Garcia and Dodson",multinational,90,2025-04-13
564,Data Analyst,Hired,Leonard-Griffith,startup,90,2024-11-27
565,UX Designer,Hired,Wagner and Sons,multinational,70,2023-09-09
566,Software Engineer,Hired,"Wade, Davis and Davis",national,70,2025-06-06
567,Software Engineer,Hired,"Molina, Castaneda and Frey",multinational,90,2024-02-07
568,Network Admin,Hired,Moses Inc,startup,70,2023-09-04
569,Data Analyst,Hired,"Rich, Calhoun and Porter",multinational,80,2025-06-16
570,Data Analyst,Not Hired,No Company,None,70,2024-07-29
571,Data Analyst,Not Hired,No Company,None,90,2025-04-26
572,Data Analyst,Hired,"Mann, Martinez and Terry",multinational,90,2024-05-23
573,Network Admin,Hired,Greene Group,multinational,90,2025-01-04
574,Software Engineer,Not Hired,No Company,None,90,2023-12-18
575,UX Designer,Hired,"Price, Edwards and Murray",multinational,90,2023-06-23
576,UX Designer,Hired,"Mcneil, Payne and Adkins",national,90,2024-01-01
577,UX Designer,Not Hired,No Company,None,90,2023-10-17
578,Data Analyst,Hired,Park-Wright,national,70,2024-05-11
579,Network Admin,Hired,"Stanley, Meadows and Daniel",multinational,90,2023-12-12
580,UX Designer,Hired,Campos-Hall,national,70,2024-05-23
581,Network Admin,Hired,Hoover-Key,startup,80,2023-07-01
582,UX Designer,Hired,Price Ltd,national,80,2023-07-21
583,Data Analyst,Hired,Myers-Ruiz,national,70,2024-01-17
584,Software Engineer,Hired,Moses-Owen,startup,70,2023-11-19
585,Network Admin,Hired,Smith-Clark,startup,90,2024-12-15
586,Software Engineer,Hired,"Martin, Robertson and Jones",multinational,70,2024-03-31
587,Data Analyst,Hired,"Nelson, Mays and Sweeney",multinational,70,2023-10-11
588,Software Engineer,Hired,"Williams, Armstrong and Campbell",startup,80,2024-08-23
589,Data Analyst,Hired,"Brown, Herrera and Jackson",startup,70,2024-06-16
590,Network Admin,Hired,"Woods, Mann and Duke",startup,90,2024-08-02
591,Software Engineer,Hired,"Holmes, Callahan and Melendez",startup,90,2024-09-06
592,UX Designer,Hired,"Davis, Reed and Costa",multinational,70,2024-02-24
593,Software Engineer,Hired,Duncan-Lambert,multinational,80,2024-04-01
594,Network Admin,Hired,Harper-Zavala,multinational,80,2023-12-07
595,Network Admin,Hired,Lopez LLC,multinational,80,2024-12-13
596,Software Engineer,Hired,Herrera-Tran,startup,90,2023-11-01
597,Software Engineer,Hired,"Jackson, Munoz and Bridges",startup,90,2024-04-05
598,Network Admin,Hired,Wallace Group,multinational,80,2024-08-16
599,Software Engineer,Hired,Bray and Sons,startup,70,2025-01-25
600,UX Designer,Hired,"Sherman, Harris and Wilson",national,70,2024-11-26
601,Network Admin,Hired,"Green, Gill and Drake",startup,90,2023-11-09
602,UX Designer,Hired,Cooper PLC,multinational,70,2024-08-03
603,Software Engineer,Hired,Brewer-Jones,national,70,2023-08-30
604,Network Admin,Hired,"Garcia, Grant and Bond",startup,90,2024-01-03
605,Network Admin,Hired,Blevins Inc,multinational,70,2025-04-25
606,UX Designer,Hired,"Smith, Ramos and Smith",multinational,70,2024-12-28
607,UX Designer,Hired,Conner-Solomon,startup,80,2023-10-19
608,Software Engineer,Hired,Williams Group,multinational,80,2023-11-28
609,Data Analyst,Not Hired,No Company,None,80,2023-06-21
610,Data Analyst,Hired,"Weeks, Foster and Sweeney",national,90,2024-07-16
611,Software Engineer,Hired,Clark Inc,national,80,2023-09-21
612,Network Admin,Hired,"Tucker, Williams and Murphy",national,90,2023-11-20
613,Network Admin,Hired,Jensen-Collins,multinational,70,2024-01-07
614,Data Analyst,Not Hired,No Company,None,70,2024-08-28
615,Data Analyst,Hired,Lucas-Lee,national,90,2023-08-28
616,Network Admin,Not Hired,No Company,None,90,2025-06-12
617,Network Admin,Hired,Espinoza-Ali,multinational,70,2024-08-14
618,Software Engineer,Hired,Sweeney Ltd,national,70,2024-12-20
619,Data Analyst,Hired,Webb-Barnett,startup,80,2023-12-02
620,Data Analyst,Hired,Hester-Lee,startup,90,2023-07-17
621,UX Designer,Hired,"Weiss, Simon and Jensen",startup,90,2023-08-08
622,Software Engineer,Hired,Castaneda Ltd,national,70,2023-10-04
623,Software Engineer,Hired,Patton-Washington,startup,70,2025-05-09
624,Network Admin,Hired,"Moore, Weaver and Thompson",multinational,70,2023-08-30
625,UX Designer,Hired,Chapman-Morris,national,80,2024-07-25
626,Software Engineer,Hired,Adams Ltd,national,70,2024-10-01
627,UX Designer,Hired,"Cohen, Grimes and Macdonald",national,90,2023-11-01
628,Network Admin,Hired,Mitchell Ltd,startup,90,2023-10-22
629,UX Designer,Hired,Smith Ltd,startup,70,2024-04-29
630,Data Analyst,Hired,"Jones, Anderson and Barker",national,80,2023-11-25
631,UX Designer,Not Hired,No Company,None,70,2025-01-31
632,Software Engineer,Hired,"Howard, Evans and Jones",national,70,2024-06-18
633,Software Engineer,Hired,"Bradshaw, Tyler and Ewing",multinational,90,2024-09-05
634,Data Analyst,Hired,Douglas Inc,multinational,70,2024-12-05
635,Software Engineer,Hired,"Williams, Castillo and Houston",startup,70,2024-04-26
636,Network Admin,Hired,"Bowers, Collins and Watson",startup,80,2024-01-17
637,Data Analyst,Hired,Chan-George,national,80,2023-10-07
638,Network Admin,Hired,Williams PLC,startup,80,2025-01-03
639,Network Admin,Hired,Lewis LLC,national,90,2024-08-29
640,UX Designer,Not Hired,No Company,None,90,2025-01-18
641,Software Engineer,Hired,"Ortiz, Fisher and Dickerson",multinational,90,2024-09-05
642,UX Designer,Hired,Ward-Williams,startup,90,2024-10-22
643,Data Analyst,Hired,"Welch, Green and Anderson",national,80,2024-06-28
644,Software Engineer,Not Hired,No Company,None,70,2025-01-13
645,Network Admin,Hired,"Smith, Thompson and Anderson",startup,70,2025-06-11
646,Data Analyst,Not Hired,No Company,None,70,2023-12-26
647,UX Designer,Hired,Travis and Sons,national,70,2025-06-11
648,UX Designer,Hired,"Cummings, Oliver and Blankenship",national,90,2025-05-18
649,Software Engineer,Hired,Baker-Weaver,startup,90,2024-08-17
650,UX Designer,Hired,"Clark, Murphy and Zuniga",national,80,2024-07-22
651,Data Analyst,Hired,Lee-Harmon,startup,90,2025-01-28
652,UX Designer,Hired,"Gilbert, Lin and Garrison",startup,80,2023-07-30
653,Software Engineer,Hired,"Miller, Medina and Lowery",startup,80,2024-09-22
654,UX Designer,Hired,House-Holmes,multinational,80,2024-06-18
655,Network Admin,Hired,Smith Group,multinational,80,2024-01-06
656,Network Admin,Hired,"Hudson, Frazier and Barry",multinational,80,2024-06-19
657,UX Designer,Hired,Hicks-Morton,multinational,70,2023-08-27
658,Data Analyst,Hired,"Rice, Mcdowell and Perkins",multinational,90,2024-02-16
659,UX Designer,Hired,Hamilton Ltd,multinational,90,2024-05-23
660,Software Engineer,Hired,"Henderson, Charles and Lynch",multinational,90,2025-05-12
661,Network Admin,Hired,Roach-Johnson,multinational,80,2024-06-13
662,Data Analyst,Hired,"Turner, Salazar and Jones",multinational,90,2024-07-30
663,Software Engineer,Hired,Watts-Stevenson,national,70,2024-06-08
664,UX Designer,Hired,Gonzalez and Sons,startup,80,2024-08-08
665,Data Analyst,Hired,"Snow, Murphy and Smith",multinational,70,2025-02-17
666,Network Admin,Hired,"Keith, Arroyo and Allen",national,90,2025-01-02
667,Network Admin,Not Hired,No Company,None,80,2023-07-31
668,Software Engineer,Hired,Miller-Chandler,startup,80,2023-07-14
669,Software Engineer,Hired,Mays and Sons,national,80,2024-11-01
670,UX Designer,Hired,Velasquez Group,national,90,2025-06-15
671,Network Admin,Hired,Aguirre PLC,startup,80,2024-06-13
672,Network Admin,Hired,Shannon-Fields,national,80,2024-02-12
673,UX Designer,Not Hired,No Company,None,80,2024-03-29
674,Software Engineer,Hired,Leonard-Hill,multinational,70,2024-08-02
675,Software Engineer,Hired,"Day, Smith and Marshall",multinational,70,2025-02-22
676,Software Engineer,Hired,"Henderson, Garrett and Hurst",startup,90,2023-11-02
677,Data Analyst,Hired,"Burns, Oconnor and Carpenter",startup,80,2024-09-08
678,UX Designer,Hired,Johnson Ltd,national,70,2024-08-23
679,Network Admin,Hired,Mccullough Inc,multinational,80,2024-05-14
680,UX Designer,Hired,"Young, Brown and Brown",multinational,80,2024-04-15
681,Software Engineer,Hired,Brooks-Booth,multinational,80,2024-01-10
682,Network Admin,Hired,Hall-Tucker,startup,80,2024-01-30
683,Software Engineer,Hired,Johnson-Smith,startup,90,2023-12-03
684,Data Analyst,Hired,"Burke, Mitchell and Mills",national,70,2023-07-05
685,Network Admin,Hired,"Jacobson, Daniels and Skinner",multinational,90,2023-09-17
686,UX Designer,Not Hired,No Company,None,70,2025-01-10
687,Software Engineer,Hired,Mack LLC,multinational,90,2025-05-19
688,Data Analyst,Not Hired,No Company,None,90,2023-07-03
689,Data Analyst,Hired,Chan-Fernandez,startup,70,2024-07-03
690,Network Admin,Not Hired,No Company,None,70,2025-02-10
691,UX Designer,Hired,Perry Group,national,90,2023-12-01
692,Network Admin,Hired,Douglas LLC,multinational,80,2023-10-31
693,Software Engineer,Hired,"Myers, Riddle and Barton",national,80,2024-12-01
694,Software Engineer,Hired,Riggs-Sloan,national,80,2025-02-17
695,UX Designer,Hired,Nielsen-Young,startup,90,2024-11-10
696,Software Engineer,Hired,"Allen, Burns and Reyes",startup,70,2024-07-22
697,Data Analyst,Hired,"Riddle, Kennedy and Joseph",startup,90,2023-07-10
698,Software Engineer,Hired,Thompson Ltd,national,70,2023-07-19
699,UX Designer,Hired,"Fisher, Wolfe and Hunter",startup,90,2025-01-05
700,Software Engineer,Hired,"Thomas, Cummings and Reed",startup,80,2024-02-01
701,Network Admin,Hired,Freeman LLC,national,70,2024-10-08
702,UX Designer,Not Hired,No Company,None,80,2025-04-19
703,Data Analyst,Hired,Crawford-White,national,90,2024-12-24
704,UX Designer,Hired,Hill-Allen,national,90,2024-12-11
705,UX Designer,Hired,Perez-Ponce,multinational,90,2024-07-21
706,UX Designer,Hired,Harris LLC,startup,70,2023-08-26
707,UX Designer,Hired,Hunter Group,national,80,2025-04-04
708,UX Designer,Hired,"Vasquez, Cortez and Morrow",startup,90,2025-02-21
709,Network Admin,Hired,Miller Inc,startup,70,2024-07-06
710,Network Admin,Hired,Kelly-Johnson,multinational,80,2025-06-08
711,UX Designer,Hired,Barnett PLC,national,70,2024-12-07
712,UX Designer,Hired,Good PLC,national,70,2025-05-21
713,Network Admin,Hired,Hall-Solis,multinational,80,2024-01-09
714,Network Admin,Not Hired,No Company,None,90,2024-08-07
715,UX Designer,Hired,Rangel and Sons,startup,90,2024-02-24
716,Network Admin,Hired,"Salazar, Griffin and Leonard",multinational,70,2023-11-08
717,Software Engineer,Hired,Lopez Group,startup,80,2024-12-06
718,Software Engineer,Hired,"Hurley, Lee and Morrow",national,90,2025-05-10
719,Software Engineer,Hired,Camacho-Moore,multinational,70,2024-11-10
720,Software Engineer,Hired,Sandoval-Lopez,national,90,2023-08-14
721,Network Admin,Hired,Garcia and Sons,startup,90,2024-10-14
722,Data Analyst,Hired,"Bowen, Butler and Krueger",national,70,2024-01-06
723,Network Admin,Hired,Jennings PLC,multinational,80,2024-08-13
724,UX Designer,Hired,"Abbott, Fox and Charles",startup,90,2025-01-04
725,Data Analyst,Hired,Gray PLC,national,70,2024-02-02
726,Data Analyst,Hired,Robles Inc,startup,70,2023-12-13
727,UX Designer,Hired,Gibbs Ltd,multinational,70,2025-03-22
728,Software Engineer,Not Hired,No Company,None,80,2024-11-29
729,Network Admin,Hired,Livingston Group,national,90,2024-03-19
730,Network Admin,Hired,"Anderson, Skinner and Schmitt",multinational,70,2024-12-13
731,Software Engineer,Hired,"Wall, Matthews and Sanders",national,90,2023-11-29
732,UX Designer,Hired,"Holmes, Washington and Sims",multinational,80,2024-09-13
733,UX Designer,Hired,Williamson-Warren,multinational,80,2024-10-22
734,Software Engineer,Hired,Merritt Inc,startup,90,2025-02-23
735,Network Admin,Hired,Rodriguez-Crawford,national,80,2024-11-30
736,Software Engineer,Not Hired,No Company,None,90,2023-10-24
737,Network Admin,Hired,Miller-Meza,multinational,70,2024-04-06
738,Data Analyst,Hired,Norris Inc,national,90,2024-02-11
739,Data Analyst,Hired,Harper-Young,national,90,2024-07-03
740,UX Designer,Hired,"Atkinson, Powell and Newman",multinational,70,2025-03-03
741,Software Engineer,Hired,Atkins Group,startup,70,2025-02-13
742,Network Admin,Hired,"Jones, Baker and Hull",startup,90,2025-05-03
743,Network Admin,Hired,Morton LLC,multinational,70,2025-03-11
744,Software Engineer,Hired,Jackson PLC,national,80,2024-03-20
745,Software Engineer,Hired,Porter Ltd,national,80,2023-10-25
746,Data Analyst,Hired,"Heath, Burns and Jones",national,90,2024-07-13
747,UX Designer,Hired,Mcdaniel Group,national,80,2024-11-23
748,UX Designer,Hired,"Jones, Kidd and Butler",multinational,70,2025-06-02
749,Data Analyst,Hired,Moran and Sons,national,80,2025-03-03
750,Data Analyst,Hired,Callahan-Fitzgerald,startup,90,2024-05-06
751,Software Engineer,Hired,Keller-Hawkins,multinational,80,2024-07-25
752,Software Engineer,Hired,"Dean, Burns and Lee",startup,70,2024-05-08
753,UX Designer,Hired,"Thomas, Mills and Lin",startup,90,2024-01-19
754,Software Engineer,Hired,"Murphy, Yates and Olson",multinational,70,2023-11-15
755,Data Analyst,Not Hired,No Company,None,80,2024-11-15
756,Data Analyst,Hired,Rogers Inc,multinational,90,2024-03-20
757,UX Designer,Hired,Ramirez LLC,national,80,2025-01-15
758,UX Designer,Hired,Thomas PLC,startup,80,2024-02-04
759,UX Designer,Not Hired,No Company,None,80,2024-05-16
760,Data Analyst,Not Hired,No Company,None,70,2024-11-09
761,Network Admin,Hired,Martinez-Bryan,multinational,80,2023-09-12
762,Software Engineer,Hired,Ford Group,national,80,2023-06-27
763,UX Designer,Hired,Harris Group,national,80,2024-08-01
764,Network Admin,Hired,Rose Group,startup,80,2025-05-19
765,UX Designer,Hired,"Lopez, Fernandez and Sutton",national,70,2023-12-24
766,Data Analyst,Hired,"Byrd, Morgan and James",multinational,80,2024-09-03
767,Data Analyst,Not Hired,No Company,None,90,2024-06-05
768,Data Analyst,Hired,Carter-Bennett,multinational,80,2024-12-13
769,Network Admin,Hired,Rodriguez LLC,multinational,90,2023-08-05
770,UX Designer,Hired,Brooks-Scott,national,70,2025-04-12
771,Software Engineer,Hired,"Williams, Rogers and Davis",national,90,2024-03-13
772,UX Designer,Hired,Wright and Sons,national,90,2024-07-04
773,Software Engineer,Hired,Stephenson-Hanna,national,90,2023-08-29
774,UX Designer,Hired,Cardenas LLC,national,80,2024-09-17
775,UX Designer,Not Hired,No Company,None,90,2024-10-02
776,UX Designer,Not Hired,No Company,None,70,2025-02-10
777,Software Engineer,Not Hired,No Company,None,80,2024-02-17
778,UX Designer,Hired,"Atkinson, Branch and Jacobs",multinational,80,2025-04-12
779,UX Designer,Hired,"Jordan, Mullins and Garza",startup,90,2024-11-08
780,Network Admin,Hired,"Meyer, Ramos and Johnson",multinational,80,2023-08-02
781,Software Engineer,Hired,Cruz-Burch,national,90,2025-01-01
782,Network Admin,Hired,Hood Ltd,multinational,70,2024-06-05
783,Software Engineer,Hired,Quinn Inc,multinational,80,2024-02-05
784,UX Designer,Hired,"Schneider, Hernandez and Moore",multinational,90,2024-02-07
785,UX Designer,Not Hired,No Company,None,80,2024-08-08
786,Data Analyst,Hired,Meyer Ltd,multinational,70,2025-05-16
787,Network Admin,Hired,Gilbert-Smith,startup,70,2025-05-27
788,Data Analyst,Hired,Love-Gonzalez,startup,70,2024-02-23
789,UX Designer,Hired,"Collins, Lopez and Simmons",national,70,2023-10-10
790,Network Admin,Hired,Thomas-Scott,national,70,2024-08-18
791,Software Engineer,Hired,George-Powers,multinational,90,2024-04-06
792,Network Admin,Not Hired,No Company,None,80,2024-08-03
793,UX Designer,Hired,Diaz LLC,multinational,90,2023-12-29
794,Network Admin,Hired,Morris and Sons,startup,70,2023-07-10
795,Data Analyst,Hired,Matthews-Salinas,national,70,2023-12-22
796,Data Analyst,Hired,"Underwood, Christian and Barker",national,80,2024-11-17
797,Network Admin,Hired,Cortez PLC,startup,90,2024-10-18
798,Network Admin,Hired,Weaver Ltd,startup,80,2025-04-27
799,Data Analyst,Hired,Cruz Group,multinational,80,2024-06-01
800,Data Analyst,Hired,"Dean, Robinson and Hartman",multinational,70,2024-03-24
801,Data Analyst,Hired,"Jenkins, Williams and Lee",startup,70,2024-11-20
802,Software Engineer,Hired,"Coleman, Zimmerman and Henderson",startup,70,2024-05-12
803,Software Engineer,Hired,"Garner, Rivera and Lopez",multinational,70,2024-02-01
804,Network Admin,Hired,Sanders-Wise,multinational,90,2025-05-12
805,Network Admin,Not Hired,No Company,None,80,2024-08-01
806,Network Admin,Hired,"Anderson, Barrett and Shea",national,90,2024-03-05
807,UX Designer,Hired,Ortega LLC,national,90,2024-03-02
808,Data Analyst,Hired,Walker-Medina,startup,70,2025-05-29
809,Data Analyst,Not Hired,No Company,None,70,2024-02-17
810,Software Engineer,Hired,"Stone, Dominguez and Reed",national,80,2024-03-06
811,Network Admin,Not Hired,No Company,None,90,2024-11-24
812,Software Engineer,Hired,"Powell, Petersen and Townsend",national,90,2025-03-27
813,UX Designer,Hired,Kennedy-Cox,multinational,90,2025-03-22
814,UX Designer,Hired,"Bright, Cox and Keller",startup,80,2025-02-25
815,Network Admin,Hired,Gill-Patel,multinational,80,2025-05-06
816,Software Engineer,Hired,Velazquez-Rivera,national,70,2024-09-22
817,Data Analyst,Hired,Brown LLC,national,80,2023-08-16
818,Network Admin,Hired,Costa and Sons,startup,90,2024-02-06
819,Software Engineer,Hired,"Johnson, Lopez and Pratt",national,80,2024-06-30
820,Software Engineer,Hired,Webb-Martinez,national,90,2025-04-08
821,Data Analyst,Hired,"Campbell, Woodard and Schwartz",national,70,2025-01-22
822,UX Designer,Hired,Anderson-Monroe,national,90,2024-03-07
823,Network Admin,Hired,Owens LLC,multinational,80,2024-02-07
824,Network Admin,Hired,Brown-Rodriguez,national,70,2024-09-22
825,Software Engineer,Hired,Ramsey-Mueller,startup,90,2023-08-24
826,Network Admin,Hired,Johnson-Sharp,startup,70,2024-05-03
827,Data Analyst,Hired,Brown-Harris,national,90,2023-12-29
828,Data Analyst,Hired,Obrien-Gray,startup,90,2024-07-22
829,Software Engineer,Hired,Peters Ltd,multinational,70,2023-07-20
830,Software Engineer,Hired,White-Owens,multinational,80,2023-12-04
831,Software Engineer,Hired,Miller Ltd,startup,90,2024-03-25
832,Network Admin,Hired,"Johnson, Lee and Whitaker",multinational,80,2024-05-17
833,Network Admin,Hired,"Williams, Bond and Merritt",national,80,2024-09-22
834,Software Engineer,Hired,"Hines, Crosby and Boyle",startup,80,2025-04-24
835,Data Analyst,Hired,Sutton-Byrd,national,70,2025-05-02
836,Software Engineer,Hired,Smith Inc,national,80,2024-03-02
837,Network Admin,Hired,Long-Watson,startup,70,2024-05-22
838,Software Engineer,Hired,"Smith, Schaefer and Mitchell",multinational,70,2024-07-13
839,UX Designer,Hired,"Butler, Carson and Rios",national,70,2024-06-24
840,Network Admin,Hired,"Gill, Cummings and Vargas",startup,90,2023-09-08
841,Network Admin,Hired,Hudson Inc,multinational,80,2023-11-06
842,UX Designer,Hired,"Benson, Davis and Moore",startup,80,2023-07-02
843,UX Designer,Hired,Wood-Bentley,startup,70,2024-12-05
844,Software Engineer,Hired,Davis-White,multinational,70,2024-10-19
845,Data Analyst,Hired,Mcdonald-Fuentes,startup,90,2025-01-03
846,Network Admin,Hired,Harrell Group,multinational,80,2024-04-11
847,UX Designer,Hired,Wilson-Carter,multinational,70,2024-05-27
848,Network Admin,Hired,"Bartlett, Edwards and Carroll",startup,70,2025-06-15
849,Software Engineer,Hired,Stark Inc,startup,80,2024-04-09
850,Network Admin,Hired,"Perez, Collins and Barton",startup,70,2023-10-23
851,Data Analyst,Hired,"Williams, Zimmerman and Goodwin",multinational,70,2024-11-18
852,Data Analyst,Hired,Evans-Larsen,multinational,80,2023-08-09
853,Network Admin,Hired,Long LLC,startup,90,2023-12-28
854,Data Analyst,Hired,Murray LLC,multinational,80,2024-10-17
855,Software Engineer,Hired,Smith Ltd,multinational,70,2023-08-07
856,Network Admin,Not Hired,No Company,None,90,2024-09-24
857,UX Designer,Hired,"Solis, Lopez and Hughes",multinational,80,2023-10-10
858,UX Designer,Hired,"Parker, Oneill and Leonard",national,80,2023-09-08
859,Network Admin,Hired,Gardner-Thomas,startup,80,2024-12-28
860,Network Admin,Hired,Sanchez LLC,multinational,70,2024-12-12
861,Data Analyst,Not Hired,No Company,None,90,2023-12-29
862,UX Designer,Not Hired,No Company,None,70,2025-02-26
863,Software Engineer,Not Hired,No Company,None,70,2025-01-17
864,UX Designer,Hired,Brown-Torres,national,90,2025-04-27
865,UX Designer,Not Hired,No Company,None,80,2024-07-20
866,UX Designer,Not Hired,No Company,None,90,2025-01-24
867,Data Analyst,Not Hired,No Company,None,90,2024-07-30
868,Software Engineer,Hired,Lopez-Brown,national,90,2025-01-01
869,Network Admin,Hired,"Baker, Hall and Shaw",multinational,80,2024-06-08
870,Data Analyst,Hired,Coffey-Peters,startup,80,2025-02-26
871,Network Admin,Hired,"Hughes, Garcia and Herring",multinational,80,2023-06-20
872,Software Engineer,Hired,Harrison-Pacheco,national,80,2024-11-25
873,Data Analyst,Hired,"Snyder, Cortez and Brooks",startup,70,2024-02-18
874,Data Analyst,Hired,Pollard-Pineda,startup,80,2024-08-05
875,Data Analyst,Hired,Hamilton-Powell,national,70,2024-12-14
876,UX Designer,Hired,"Davis, Baker and Wall",startup,90,2024-12-30
877,Network Admin,Hired,Lozano-Stephenson,multinational,80,2024-12-24
878,Network Admin,Hired,Webster PLC,startup,90,2025-05-24
879,Software Engineer,Hired,Hamilton Group,startup,90,2023-08-27
880,Network Admin,Hired,Johnson-Payne,startup,90,2023-11-08
881,Data Analyst,Hired,Cochran Group,national,70,2023-09-27
882,Data Analyst,Hired,Mcintyre-Shaffer,multinational,70,2024-01-20
883,Software Engineer,Hired,Brown-Garcia,multinational,90,2024-06-09
884,UX Designer,Hired,Wilson-Barrett,startup,70,2025-03-05
885,Software Engineer,Hired,Robertson-Hardy,startup,70,2024-04-05
886,Data Analyst,Hired,"Daugherty, Wade and Brown",multinational,80,2024-12-12
887,Data Analyst,Hired,Lewis Group,startup,70,2024-04-28
888,Software Engineer,Hired,"Dudley, Parker and Hoover",startup,90,2025-05-09
889,Network Admin,Hired,"Benjamin, Clements and Patel",multinational,90,2025-04-25
890,Software Engineer,Hired,"Cochran, Schultz and Huffman",national,80,2024-03-12
891,Software Engineer,Hired,Williams LLC,multinational,70,2024-04-22
892,Software Engineer,Hired,"Wright, Chavez and Walton",national,90,2025-05-21
893,Data Analyst,Hired,"Friedman, Berry and Lynch",national,80,2025-01-15
894,Software Engineer,Hired,Thomas-Martinez,national,70,2023-11-20
895,Software Engineer,Hired,Morgan and Sons,national,80,2023-08-07
896,Software Engineer,Hired,"Woods, Cole and James",startup,90,2024-09-22
897,Network Admin,Hired,Willis Ltd,startup,80,2023-08-04
898,Software Engineer,Hired,Lambert LLC,national,70,2024-11-28
899,Software Engineer,Hired,Mendez LLC,multinational,70,2024-03-28
900,Network Admin,Hired,"Johnson, Dean and Hernandez",multinational,90,2025-01-27
901,Network Admin,Not Hired,No Company,None,80,2024-06-09
902,Data Analyst,Hired,Lopez Group,startup,80,2024-11-08
903,Software Engineer,Hired,"Coffey, Reynolds and Mason",multinational,80,2023-10-14
904,Software Engineer,Hired,"Johnson, Hampton and Wright",startup,80,2023-10-05
905,Network Admin,Hired,Price PLC,national,80,2024-07-13
906,UX Designer,Hired,Hughes Inc,national,80,2023-09-05
907,Network Admin,Hired,Bailey-Johnson,startup,70,2024-11-02
908,Network Admin,Hired,Lawrence-Lee,startup,90,2025-04-21
909,Network Admin,Hired,Carr-Taylor,multinational,70,2024-12-02
910,Software Engineer,Hired,Burton-Schmidt,multinational,80,2025-02-22
911,Network Admin,Hired,Hamilton and Sons,national,90,2024-08-21
912,Network Admin,Hired,Malone-Gonzales,startup,70,2025-01-31
913,Software Engineer,Hired,"Robinson, Ballard and Oliver",multinational,90,2023-08-08
914,Data Analyst,Hired,"Smith, Anderson and Jones",multinational,70,2025-02-03
915,Network Admin,Not Hired,No Company,None,80,2024-04-04
916,UX Designer,Hired,Harris-Holland,startup,90,2024-01-09
917,Data Analyst,Hired,Houston LLC,startup,70,2023-08-06
918,Network Admin,Hired,White LLC,multinational,70,2024-03-04
919,Network Admin,Hired,Pham-Kramer,multinational,80,2024-08-31
920,UX Designer,Hired,Elliott Group,national,80,2025-01-18
921,UX Designer,Hired,"Gomez, Perkins and Mendoza",multinational,70,2024-09-21
922,Software Engineer,Hired,Coleman Inc,multinational,80,2023-12-05
923,Software Engineer,Hired,Jones-Mullins,startup,80,2024-08-06
924,Data Analyst,Hired,Stokes-Blake,national,90,2025-03-09
925,Data Analyst,Hired,"Butler, Farmer and Collins",startup,70,2025-04-14
926,Network Admin,Hired,"Kent, Cobb and Melton",national,70,2024-01-20
927,Data Analyst,Hired,Chandler Inc,startup,90,2024-04-20
928,UX Designer,Hired,Luna PLC,multinational,80,2023-07-26
929,Network Admin,Hired,Hart and Sons,startup,90,2024-05-07
930,Software Engineer,Hired,Jones and Sons,startup,80,2023-10-19
931,Network Admin,Hired,"Griffin, Wells and Flowers",national,80,2023-07-19
932,Network Admin,Hired,Hammond-Hodges,startup,70,2024-02-26
933,Software Engineer,Hired,Johnson-Weaver,startup,90,2024-09-27
934,Data Analyst,Hired,"Collins, Ellis and Richardson",national,70,2023-12-24
935,Network Admin,Hired,Baker LLC,national,80,2023-11-26
936,Network Admin,Hired,"Booth, Coleman and Perkins",multinational,90,2023-09-03
937,Data Analyst,Hired,"Boyd, Alvarado and Solis",multinational,90,2025-04-25
938,Network Admin,Hired,Holt Group,multinational,90,2024-07-20
939,Network Admin,Hired,Giles and Sons,startup,70,2024-05-26
940,Data Analyst,Hired,Avila-Thompson,startup,80,2023-09-08
941,Network Admin,Hired,"Schwartz, Jensen and Gomez",multinational,70,2024-02-06
942,UX Designer,Hired,"Washington, Stevens and Woodward",multinational,70,2024-01-10
943,UX Designer,Hired,Willis PLC,multinational,70,2025-01-02
944,UX Designer,Hired,Jones-Flynn,multinational,80,2025-02-28
945,Software Engineer,Hired,"West, Carroll and Scott",national,90,2024-09-12
946,UX Designer,Hired,"Collins, Long and Ryan",multinational,80,2024-06-05
947,Data Analyst,Not Hired,No Company,None,70,2024-02-20
948,Data Analyst,Hired,Farley-Hudson,multinational,90,2023-12-03
949,UX Designer,Hired,Blair Group,national,80,2023-12-25
950,Software Engineer,Hired,"Ramos, Evans and Daniel",startup,70,2024-10-19
951,Network Admin,Hired,"Sutton, Williams and Rowe",startup,80,2024-04-18
952,UX Designer,Hired,"Dorsey, Payne and Horton",startup,80,2024-02-27
953,UX Designer,Hired,"Walker, Delacruz and Mercado",multinational,70,2025-06-12
954,Data Analyst,Hired,Tucker Inc,multinational,90,2023-10-19
955,Software Engineer,Hired,"Shields, Dominguez and Ruiz",national,90,2024-07-18
956,UX Designer,Hired,"Boyer, Benson and Russell",multinational,80,2024-01-25
957,Data Analyst,Hired,Moore-Wolfe,startup,80,2024-05-09
958,Network Admin,Hired,Park-Martin,multinational,90,2024-11-23
959,UX Designer,Hired,Matthews-Vargas,multinational,80,2023-07-08
960,Data Analyst,Hired,Johnson LLC,startup,70,2024-06-08
961,UX Designer,Hired,"Banks, Palmer and Matthews",startup,80,2024-05-22
962,Network Admin,Not Hired,No Company,None,80,2025-04-11
963,Data Analyst,Hired,"Jackson, Martinez and Jackson",national,90,2025-05-28
964,Network Admin,Not Hired,No Company,None,90,2024-01-15
965,Data Analyst,Hired,Smith-Brooks,multinational,80,2023-08-02
966,Data Analyst,Hired,Ponce-Hernandez,national,90,2025-04-07
967,Data Analyst,Hired,"Dawson, Gonzales and Stephens",multinational,70,2024-02-13
968,Network Admin,Hired,"Gould, Clark and Clark",startup,90,2024-05-31
969,UX Designer,Hired,Warren Group,national,90,2023-08-13
970,Data Analyst,Hired,"Leach, Pierce and Young",startup,80,2024-01-21
971,Software Engineer,Hired,"Smith, Greene and Smith",startup,90,2024-06-17
972,Network Admin,Hired,"Lawson, Maldonado and Dodson",national,90,2024-10-16
973,Data Analyst,Hired,Diaz Inc,startup,70,2023-12-26
974,UX Designer,Hired,Crane-Murphy,national,80,2025-03-07
975,Data Analyst,Hired,Morgan-Lane,multinational,80,2023-10-15
976,Data Analyst,Hired,Carpenter-White,startup,70,2025-05-17
977,Software Engineer,Hired,"Garrett, Jackson and Gonzalez",startup,80,2023-12-08
978,Software Engineer,Hired,Ritter-Robertson,national,90,2024-07-15
979,Software Engineer,Hired,"Rivera, Lane and Rose",multinational,70,2023-12-27
980,Network Admin,Hired,Weaver-Mosley,multinational,70,2023-08-17
981,UX Designer,Hired,Holmes PLC,national,70,2023-09-29
982,UX Designer,Not Hired,No Company,None,80,2024-09-07
983,Network Admin,Hired,Moore and Sons,national,90,2023-11-05
984,Software Engineer,Hired,Nelson-Pearson,startup,90,2024-09-02
985,Software Engineer,Hired,Carter-Smith,multinational,70,2023-12-26
986,Software Engineer,Hired,Hanson-Brewer,multinational,70,2024-06-11
987,Software Engineer,Not Hired,No Company,None,70,2024-12-12
988,Network Admin,Hired,"Hampton, Welch and Murillo",national,70,2024-11-04
989,Software Engineer,Hired,"Campbell, Richardson and Ayers",startup,70,2023-10-13
990,Data Analyst,Hired,Logan PLC,national,90,2025-03-29
991,Software Engineer,Hired,"Schwartz, Hill and Garcia",national,80,2024-11-14
992,Data Analyst,Hired,Carr PLC,national,70,2025-03-08
993,UX Designer,Hired,Robinson-White,national,80,2024-08-23
994,UX Designer,Hired,"Jones, Patel and Smith",startup,90,2024-08-26
995,Network Admin,Hired,Robinson-Walker,startup,90,2025-05-23
996,Software Engineer,Hired,Evans LLC,startup,90,2024-12-06
997,Data Analyst,Hired,Herman-Martinez,national,80,2023-08-31
998,UX Designer,Hired,"Chandler, Schmidt and Walton",national,70,2024-12-31
999,Software Engineer,Hired,"Martinez, Anderson and Donaldson",startup,80,2024-06-09
1000,Software Engineer,Not Hired,No Company,None,90,2025-05-31
1001,Software Engineer,Not Hired,No Company,None,90,2023-07-22
1002,Data Analyst,Hired,Smith LLC,national,80,2024-12-04
1003,Software Engineer,Not Hired,No Company,None,90,2024-08-27
1004,UX Designer,Hired,Ramos LLC,multinational,80,2024-03-27
1005,UX Designer,Hired,Ramos-Mcbride,startup,90,2025-04-28
1006,Software Engineer,Hired,White Ltd,startup,90,2024-04-26
1007,Data Analyst,Hired,Hunt-Koch,national,90,2023-10-10
1008,Software Engineer,Hired,Obrien LLC,startup,80,2023-11-10
1009,Network Admin,Hired,"Reilly, Bautista and Douglas",national,90,2025-02-07
1010,UX Designer,Hired,"Rodriguez, Hoffman and Lee",startup,80,2024-02-06
1011,UX Designer,Hired,Harris Ltd,startup,80,2024-12-04
1012,UX Designer,Hired,"Morales, Chavez and Robertson",national,70,2024-01-15
1013,Software Engineer,Hired,Raymond-Rogers,national,80,2024-09-24
1014,Software Engineer,Hired,Lee PLC,startup,70,2023-10-15
1015,Data Analyst,Hired,Wilson Inc,national,70,2023-10-26
1016,Data Analyst,Hired,Clarke PLC,national,80,2023-11-09
1017,Network Admin,Hired,Caldwell PLC,startup,90,2023-10-11
1018,Data Analyst,Hired,Williams Inc,national,90,2024-07-17
1019,UX Designer,Hired,Mckee-Fuentes,national,70,2024-12-02
1020,UX Designer,Hired,Mckay PLC,startup,90,2023-09-28
1021,Network Admin,Hired,"Pearson, Erickson and Olson",national,70,2025-03-16
1022,Network Admin,Hired,"Robinson, Carpenter and Wilcox",multinational,80,2024-03-04
1023,Data Analyst,Hired,Cole and Sons,multinational,70,2024-11-27
1024,Data Analyst,Hired,"Baker, Shannon and Hall",startup,80,2024-09-13
1025,UX Designer,Hired,"Barton, Swanson and Smith",startup,90,2023-07-23
1026,Software Engineer,Hired,Salazar Group,startup,90,2024-10-22
1027,Data Analyst,Hired,"Bonilla, Whitaker and Rhodes",national,80,2023-12-26
1028,UX Designer,Hired,"Raymond, Edwards and Cook",multinational,90,2024-05-25
1029,Data Analyst,Hired,"Brown, Whitaker and Ramirez",startup,70,2023-11-04
1030,UX Designer,Not Hired,No Company,None,90,2024-06-18
1031,Software Engineer,Hired,Evans LLC,multinational,70,2023-08-15
1032,Software Engineer,Hired,Stephens-Galvan,startup,80,2023-08-26
1033,Data Analyst,Hired,Lewis-Walker,national,90,2024-10-22
1034,Software Engineer,Hired,"Bonilla, Carter and Duran",national,80,2025-02-28
1035,Software Engineer,Hired,"Johnson, Anderson and Mercado",startup,90,2024-05-06
1036,UX Designer,Hired,Johnson-Wyatt,multinational,70,2024-03-07
1037,UX Designer,Hired,Moore and Sons,national,90,2025-01-25
1038,Network Admin,Hired,Richard-Ramirez,multinational,80,2024-10-29
1039,Data Analyst,Hired,Mccarthy-Davis,national,90,2023-10-24
1040,Software Engineer,Hired,"Moss, Jones and Cervantes",multinational,80,2024-05-06
1041,Data Analyst,Hired,Smith Ltd,national,70,2025-04-02
1042,Network Admin,Hired,Anderson-Warren,startup,90,2024-02-19
1043,UX Designer,Hired,Jones-Wood,startup,90,2023-11-03
1044,UX Designer,Hired,"Elliott, Thomas and Osborne",multinational,90,2025-02-02
1045,Data Analyst,Hired,Rogers and Sons,multinational,80,2025-02-07
1046,UX Designer,Hired,Lewis-Warner,national,70,2024-09-26
1047,Software Engineer,Hired,Mason Inc,startup,80,2025-03-04
1048,Software Engineer,Not Hired,No Company,None,70,2023-08-29
1049,Network Admin,Hired,Barber-Davis,startup,90,2023-07-28
1050,Data Analyst,Hired,Hamilton LLC,national,70,2023-12-03
1051,Software Engineer,Hired,Miller-Johnson,multinational,70,2025-02-15
1052,Data Analyst,Hired,Lindsey-Harrison,startup,90,2024-01-19
1053,UX Designer,Hired,Kim Inc,national,70,2025-06-17
1054,Data Analyst,Hired,Williams-Gould,national,70,2025-01-22
1055,Software Engineer,Hired,Fisher-Sanchez,multinational,80,2024-09-18
1056,Software Engineer,Hired,Nguyen Inc,startup,80,2025-02-06
1057,Software Engineer,Hired,Delgado-Schmidt,national,80,2023-08-05
1058,Network Admin,Hired,Jones Group,national,70,2024-12-20
1059,Data Analyst,Hired,"Gonzalez, Sanchez and Freeman",multinational,80,2024-02-16
1060,Network Admin,Hired,Melton Inc,national,80,2024-03-23
1061,Software Engineer,Hired,"Romero, Johnson and Davis",startup,80,2023-10-09
1062,UX Designer,Hired,Williams Group,multinational,90,2023-12-16
1063,Data Analyst,Hired,"Taylor, Perkins and Green",multinational,70,2024-05-14
1064,UX Designer,Hired,Hines-Douglas,startup,80,2025-06-17
1065,Network Admin,Hired,"Mckee, White and Webster",multinational,80,2024-06-04
1066,Network Admin,Hired,Rich Ltd,multinational,80,2023-07-06
1067,Data Analyst,Hired,Wells Group,startup,70,2024-08-16
1068,Software Engineer,Hired,Hudson Inc,national,80,2024-12-10
1069,Data Analyst,Hired,Campbell Inc,national,80,2023-12-22
1070,Software Engineer,Not Hired,No Company,None,80,2024-10-03
1071,UX Designer,Hired,Jones Inc,national,90,2023-10-24
1072,Software Engineer,Not Hired,No Company,None,70,2024-01-27
1073,Network Admin,Hired,Nelson Group,multinational,80,2024-04-05
1074,Network Admin,Hired,"Joyce, Lee and Hernandez",national,90,2025-05-25
1075,Software Engineer,Hired,Peterson Inc,multinational,80,2024-10-27
1076,Software Engineer,Not Hired,No Company,None,80,2024-01-07
1077,Data Analyst,Not Hired,No Company,None,70,2024-06-07
1078,Network Admin,Hired,"Miller, Sexton and Baxter",national,70,2023-12-04
1079,Data Analyst,Hired,"Howell, Villanueva and Hernandez",startup,90,2023-12-02
1080,UX Designer,Hired,"Jones, Steele and Moore",multinational,70,2025-05-09
1081,Data Analyst,Hired,Allen Group,multinational,70,2024-06-30
1082,Software Engineer,Hired,Riley-Woods,startup,90,2023-08-14
1083,Software Engineer,Not Hired,No Company,None,80,2024-08-25
1084,Data Analyst,Hired,"Jordan, Vaughn and Hall",national,90,2025-05-02
1085,Software Engineer,Hired,Huerta-Kim,startup,70,2023-09-03
1086,Software Engineer,Hired,"Johnson, Melendez and Jones",multinational,90,2023-08-07
1087,Software Engineer,Hired,"Chapman, Swanson and Orr",multinational,70,2024-03-11
1088,Data Analyst,Hired,Hamilton-Murphy,national,70,2024-12-05
1089,Network Admin,Hired,"Hoffman, Estes and Lee",multinational,90,2024-08-20
1090,UX Designer,Hired,"Gould, Bryant and Parker",national,90,2024-08-06
1091,Software Engineer,Hired,Velazquez-Buckley,startup,90,2024-04-18
1092,Data Analyst,Hired,Myers-Smith,startup,90,2024-03-04
1093,Software Engineer,Hired,Patel PLC,startup,90,2024-11-05
1094,Data Analyst,Hired,"Stone, Ortiz and Patel",multinational,80,2024-04-11
1095,Data Analyst,Hired,Carter-Flores,startup,70,2025-01-19
1096,Data Analyst,Hired,Welch Ltd,national,80,2024-01-28
1097,Software Engineer,Hired,"Mccormick, Stevens and Jones",national,90,2025-04-12
1098,Software Engineer,Hired,"Wilkinson, Townsend and Gray",national,80,2025-05-08
1099,Software Engineer,Hired,Garcia-Torres,multinational,80,2023-11-09
1100,Software Engineer,Hired,"White, Mack and Chapman",national,70,2024-12-21
1101,Data Analyst,Hired,"Jenkins, Parker and Nelson",multinational,90,2023-12-04
1102,Network Admin,Hired,"Lara, Jackson and Sparks",multinational,90,2023-07-19
1103,Data Analyst,Hired,Vazquez-Lopez,multinational,70,2024-06-25
1104,Network Admin,Hired,Alexander Group,national,80,2023-11-30
1105,Data Analyst,Hired,"Lopez, Williams and Ortiz",startup,70,2025-06-02
1106,Network Admin,Not Hired,No Company,None,90,2024-07-11
1107,Software Engineer,Hired,"Brewer, Wilson and Black",startup,90,2023-10-17
1108,Software Engineer,Hired,Woods and Sons,multinational,80,2024-03-25
1109,UX Designer,Hired,Bennett and Sons,multinational,80,2024-11-21
1110,Data Analyst,Hired,"Swanson, Miller and Shaffer",multinational,90,2024-11-05
1111,Data Analyst,Hired,Hawkins and Sons,national,80,2023-09-29
1112,Data Analyst,Hired,Cain-Brown,national,70,2024-10-11
1113,UX Designer,Hired,Adams-Frye,startup,80,2023-10-03
1114,Software Engineer,Hired,Weaver-Hart,startup,80,2024-04-19
1115,Network Admin,Hired,Rose-Martin,multinational,70,2023-08-15
1116,Data Analyst,Not Hired,No Company,None,70,2024-03-02
1117,Network Admin,Hired,West-Simpson,national,70,2023-10-05
1118,UX Designer,Hired,"Crawford, Terry and Wolf",national,90,2023-09-09
1119,Software Engineer,Not Hired,No Company,None,80,2023-09-22
1120,Software Engineer,Hired,Gibbs LLC,national,70,2024-03-26
1121,UX Designer,Hired,Larson-Thomas,national,80,2023-08-06
1122,Software Engineer,Not Hired,No Company,None,80,2024-02-21
1123,Network Admin,Hired,Wheeler-Burgess,national,80,2025-03-26
1124,Network Admin,Hired,Gill-Arnold,national,80,2023-12-01
1125,Software Engineer,Hired,Morris PLC,national,80,2024-05-31
1126,Network Admin,Hired,Jones Ltd,national,90,2024-03-15
1127,Network Admin,Hired,Buck PLC,national,70,2024-06-13
1128,Data Analyst,Hired,Jimenez and Sons,startup,70,2025-06-07
1129,Network Admin,Hired,Watts and Sons,national,90,2024-08-21
1130,Data Analyst,Hired,Delgado-Morrison,startup,80,2024-10-14
1131,Software Engineer,Hired,Benjamin-Flores,national,70,2023-08-16
1132,UX Designer,Not Hired,No Company,None,80,2023-07-31
1133,UX Designer,Hired,"Moody, Bennett and Ross",startup,90,2024-05-04
1134,Software Engineer,Hired,Welch and Sons,startup,80,2024-12-15
1135,Software Engineer,Hired,Barrera-Jones,national,70,2023-12-17
1136,Network Admin,Hired,Gomez LLC,multinational,90,2025-06-13
1137,UX Designer,Hired,"Thompson, Brown and Flores",multinational,70,2024-05-02
1138,Network Admin,Hired,Sexton-Stevens,startup,80,2025-02-28
1139,UX Designer,Hired,Gutierrez-Wilson,national,90,2024-05-14
1140,Network Admin,Hired,Evans-Mendoza,multinational,80,2024-04-30
1141,Network Admin,Not Hired,No Company,None,70,2024-11-30
1142,Network Admin,Hired,Hoffman-Hendrix,startup,90,2024-12-13
1143,Data Analyst,Hired,Woodard-Murray,national,80,2025-01-20
1144,Data Analyst,Hired,Johnson Group,startup,70,2023-11-20
1145,Data Analyst,Hired,Everett Ltd,startup,80,2025-04-04
1146,Software Engineer,Hired,Reynolds-Melendez,multinational,70,2023-08-03
1147,Data Analyst,Hired,Smith PLC,multinational,90,2023-08-01
1148,Software Engineer,Hired,Perry-Torres,startup,90,2024-08-07
1149,Network Admin,Hired,"Collins, Spears and Murphy",multinational,90,2024-10-19
1150,Network Admin,Hired,Smith-Crawford,national,90,2023-09-16
1151,Software Engineer,Hired,Ingram Group,multinational,90,2025-03-31
1152,Data Analyst,Hired,Singh PLC,startup,70,2024-01-13
1153,Software Engineer,Hired,Horne and Sons,national,70,2024-07-30
1154,Software Engineer,Hired,Santiago PLC,startup,70,2023-07-14
1155,Data Analyst,Hired,White Inc,startup,90,2024-02-02
1156,Data Analyst,Hired,Bowers-Cervantes,national,90,2024-09-23
1157,Data Analyst,Not Hired,No Company,None,90,2024-08-08
1158,Network Admin,Hired,"Benson, Shelton and Perkins",multinational,80,2024-06-29
1159,Software Engineer,Hired,Macdonald-Robinson,multinational,70,2024-04-20
1160,Network Admin,Hired,Peterson-Davis,startup,70,2023-10-28
1161,UX Designer,Not Hired,No Company,None,70,2023-07-08
1162,Software Engineer,Hired,"Goodwin, Davis and Beck",national,90,2024-05-20
1163,Software Engineer,Not Hired,No Company,None,80,2023-07-02
1164,Software Engineer,Hired,"Smith, Fields and Jimenez",startup,80,2025-05-20
1165,Data Analyst,Hired,Williams-Rojas,national,70,2024-08-04
1166,Network Admin,Hired,Shaw Inc,startup,70,2024-09-08
1167,Network Admin,Hired,Harris and Sons,national,70,2023-08-23
1168,Data Analyst,Hired,Smith LLC,startup,90,2025-02-20
1169,UX Designer,Hired,"Ward, Kennedy and Hill",multinational,70,2023-11-25
1170,UX Designer,Hired,Franco Inc,startup,80,2024-10-02
1171,Software Engineer,Hired,Gibson-Campbell,national,70,2024-03-25
1172,Network Admin,Not Hired,No Company,None,80,2023-09-13
1173,Network Admin,Hired,Ward PLC,multinational,80,2023-12-05
1174,Data Analyst,Hired,Hernandez Ltd,startup,90,2025-02-19
1175,Software Engineer,Hired,"Young, Saunders and Larson",multinational,80,2024-12-14
1176,UX Designer,Not Hired,No Company,None,90,2023-12-08
1177,Data Analyst,Hired,Owen-Salinas,multinational,90,2024-11-13
1178,Data Analyst,Hired,Jones Inc,startup,90,2025-04-19
1179,UX Designer,Hired,"Thompson, Hayes and Patterson",multinational,80,2023-08-27
1180,Network Admin,Hired,Sandoval-Carlson,startup,90,2024-05-23
1181,Network Admin,Hired,Romero Group,national,70,2024-03-01
1182,Network Admin,Hired,"Villegas, Thompson and Shepherd",startup,90,2023-09-12
1183,UX Designer,Hired,"White, Ward and Craig",multinational,80,2024-12-17
1184,Software Engineer,Hired,Hatfield-Martin,startup,90,2023-07-18
1185,Software Engineer,Hired,Kim-Daniels,national,70,2024-12-21
1186,Data Analyst,Hired,"Jones, Jackson and Snyder",multinational,80,2023-06-23
1187,Data Analyst,Hired,Williams Ltd,startup,80,2024-03-04
1188,Data Analyst,Hired,"Benson, Elliott and Roy",national,70,2024-05-31
1189,Network Admin,Hired,"Haas, Freeman and Anderson",national,80,2024-05-08
1190,UX Designer,Hired,"French, Stephens and Buck",multinational,70,2023-11-11
1191,Network Admin,Hired,"Pugh, Kelly and Marshall",startup,80,2023-10-28
1192,Software Engineer,Hired,Johnson and Sons,multinational,70,2025-04-07
1193,Network Admin,Hired,Smith Group,multinational,70,2023-12-21
1194,Software Engineer,Hired,Chung LLC,startup,80,2023-11-08
1195,Software Engineer,Hired,"Humphrey, Spencer and Smith",startup,90,2023-08-06
1196,UX Designer,Hired,"Prince, Stewart and Stanton",startup,90,2025-01-17
1197,Network Admin,Hired,Munoz-Boyd,national,70,2024-07-21
1198,Data Analyst,Not Hired,No Company,None,80,2023-11-05
1199,UX Designer,Hired,Moore Group,startup,70,2024-03-06
1200,Network Admin,Hired,"Howell, Townsend and Jones",multinational,70,2024-06-05
1201,UX Designer,Hired,"Lynn, Fernandez and Holland",multinational,90,2024-07-01
1202,Software Engineer,Hired,Anderson PLC,startup,90,2024-09-10
1203,Software Engineer,Hired,Mcfarland LLC,multinational,70,2024-02-10
1204,UX Designer,Hired,"Hanna, Baker and Morales",startup,70,2025-05-20
1205,Data Analyst,Hired,Richardson Inc,national,70,2024-10-22
1206,Data Analyst,Hired,Wilson LLC,national,80,2024-01-03
1207,Network Admin,Hired,Bonilla-Johns,startup,90,2025-01-16
1208,Software Engineer,Hired,"Phillips, Craig and Ayala",startup,90,2024-04-24
1209,Network Admin,Hired,"Barnes, Larson and Scott",multinational,80,2024-06-23
1210,Software Engineer,Hired,Wheeler-Garrison,national,70,2025-05-03
1211,UX Designer,Hired,Munoz-Wall,startup,70,2024-11-29
1212,Network Admin,Hired,Wyatt-Martin,startup,90,2024-08-26
1213,Network Admin,Hired,Scott-Mills,multinational,80,2024-03-23
1214,Network Admin,Hired,"Burton, Hodges and Ray",startup,70,2023-08-13
1215,Software Engineer,Hired,Wheeler-Briggs,multinational,80,2025-04-01
1216,Network Admin,Hired,"French, Soto and Suarez",startup,90,2024-05-01
1217,Software Engineer,Hired,Kelly PLC,multinational,70,2023-09-03
1218,Software Engineer,Hired,"Buchanan, Flores and Simmons",national,90,2025-05-10
1219,Data Analyst,Hired,Henry LLC,national,80,2025-04-09
1220,Software Engineer,Hired,"Vargas, Padilla and Powell",startup,70,2023-09-13
1221,UX Designer,Hired,Arroyo-Lane,multinational,80,2024-02-27
1222,Software Engineer,Hired,Murphy-Lutz,national,70,2023-11-25
1223,Software Engineer,Hired,"Rodriguez, Mccall and Larsen",national,80,2023-11-27
1224,Software Engineer,Hired,Higgins and Sons,startup,70,2025-02-25
1225,UX Designer,Hired,Li-Hill,national,70,2025-05-16
1226,Software Engineer,Hired,Vazquez-Hall,startup,70,2023-08-20
1227,Software Engineer,Hired,Williams-Snyder,national,70,2023-07-16
1228,UX Designer,Hired,Burns PLC,startup,80,2023-12-03
1229,Network Admin,Hired,Liu LLC,startup,90,2024-10-08
1230,Data Analyst,Hired,Crosby-Gregory,multinational,90,2024-12-01
1231,Network Admin,Hired,Perez and Sons,national,90,2024-11-30
1232,Network Admin,Hired,"Johnson, Allen and Jenkins",startup,70,2025-05-18
1233,Network Admin,Hired,Porter-Herman,startup,70,2024-09-28
1234,Data Analyst,Hired,Nelson Inc,startup,90,2025-03-15
1235,Software Engineer,Hired,Alvarado Inc,national,90,2024-09-20
1236,UX Designer,Hired,Lopez Group,multinational,70,2025-01-25
1237,Software Engineer,Hired,Dunlap and Sons,multinational,90,2024-03-22
1238,Data Analyst,Not Hired,No Company,None,90,2024-11-03
1239,Software Engineer,Hired,Ortiz and Sons,startup,80,2023-08-19
1240,Data Analyst,Hired,Oconnell-Arroyo,startup,70,2024-05-22
1241,Network Admin,Hired,Cruz-Duncan,startup,90,2024-09-17
1242,Software Engineer,Hired,Gomez-Cohen,startup,90,2024-04-09
1243,Software Engineer,Hired,Torres-Hubbard,startup,80,2025-04-13
1244,UX Designer,Hired,Schneider-Baldwin,multinational,80,2024-01-25
1245,Software Engineer,Hired,Huff-Moreno,national,90,2024-07-26
1246,Network Admin,Hired,Stewart-Fuller,multinational,80,2024-09-11
1247,UX Designer,Hired,Grant-Singh,national,90,2025-02-12
1248,Software Engineer,Hired,Lane and Sons,national,90,2024-09-01
1249,Data Analyst,Hired,Manning Group,startup,80,2023-09-27
1250,UX Designer,Hired,"Shields, Graham and Rice",national,70,2023-09-27
1251,Data Analyst,Hired,Ware-Martinez,national,80,2023-11-30
1252,Network Admin,Hired,"Simpson, Hansen and Ibarra",national,90,2024-11-30
1253,Network Admin,Hired,"Kelley, Blake and Estrada",startup,80,2025-04-05
1254,Software Engineer,Hired,Vincent-Brewer,startup,90,2025-02-07
1255,Software Engineer,Hired,Mccoy-Owen,startup,90,2025-05-09
1256,Network Admin,Not Hired,No Company,None,90,2023-12-16
1257,Software Engineer,Hired,Moon LLC,national,90,2024-12-19
1258,Network Admin,Hired,Martin PLC,startup,80,2024-12-06
1259,Data Analyst,Hired,Morales-Smith,multinational,70,2023-10-03
1260,UX Designer,Hired,Hall-Johnson,multinational,90,2023-09-08
1261,UX Designer,Hired,Johnson Group,startup,90,2023-06-28
1262,Software Engineer,Hired,Schneider-Adams,national,80,2024-05-06
1263,UX Designer,Hired,Torres-Cherry,national,90,2024-03-14
1264,Data Analyst,Hired,Hughes-Smith,startup,80,2024-02-03
1265,Data Analyst,Hired,Barr Inc,multinational,70,2025-04-05
1266,Network Admin,Hired,Kelley-Wilson,startup,90,2025-01-07
1267,UX Designer,Hired,Moses LLC,national,80,2024-11-14
1268,Software Engineer,Hired,Fisher-Nguyen,multinational,80,2023-12-30
1269,Network Admin,Hired,Davis PLC,national,80,2023-10-29
1270,Data Analyst,Hired,"Gilbert, Snyder and Brennan",multinational,80,2025-04-13
1271,Software Engineer,Hired,"Ball, Tucker and Wilson",startup,90,2024-07-07
1272,Software Engineer,Hired,"Daniels, Merritt and Bryant",startup,70,2024-11-21
1273,Data Analyst,Hired,Smith-Kerr,multinational,80,2023-10-15
1274,UX Designer,Hired,"Knight, Haynes and Jordan",multinational,90,2024-02-07
1275,Data Analyst,Hired,"Murphy, Smith and Brennan",multinational,80,2024-10-19
1276,Software Engineer,Hired,Hanson-Norman,national,90,2024-04-28
1277,UX Designer,Hired,Ross-Cooke,national,80,2023-11-27
1278,Network Admin,Hired,"Torres, Small and Cox",multinational,70,2023-11-13
1279,UX Designer,Hired,Martinez-Mendoza,multinational,80,2024-11-02
1280,Network Admin,Hired,Smith-Miller,national,70,2024-09-06
1281,Software Engineer,Not Hired,No Company,None,70,2024-07-10
1282,Data Analyst,Hired,Morgan-Wilson,multinational,70,2023-08-16
1283,Network Admin,Not Hired,No Company,None,80,2024-06-04
1284,UX Designer,Hired,Sparks-Morris,startup,80,2024-10-25
1285,Software Engineer,Hired,Carter-Buckley,multinational,90,2023-09-23
1286,Network Admin,Hired,Sweeney-Odom,multinational,70,2025-05-17
1287,Software Engineer,Hired,Hamilton-Sampson,national,80,2023-10-31
1288,Data Analyst,Hired,Bonilla Group,national,70,2024-02-02
1289,UX Designer,Hired,Buck-Manning,multinational,90,2024-08-07
1290,Software Engineer,Hired,"Wilson, Smith and Park",startup,70,2023-06-30
1291,Data Analyst,Hired,Moore-Valencia,national,90,2023-11-23
1292,Data Analyst,Hired,Bailey-Smith,national,70,2024-01-26
1293,UX Designer,Not Hired,No Company,None,90,2024-08-26
1294,UX Designer,Hired,Martinez LLC,national,80,2024-07-31
1295,Data Analyst,Hired,Walters PLC,startup,70,2023-10-01
1296,Data Analyst,Hired,Sanchez Inc,multinational,70,2023-09-22
1297,UX Designer,Hired,Jenkins-Perez,national,70,2023-11-07
1298,Software Engineer,Hired,Mills-Little,multinational,90,2023-11-24
1299,Network Admin,Hired,Koch Inc,national,80,2023-08-18
1300,Software Engineer,Hired,Lee-Hayes,national,70,2023-10-09
