StudentID,CourseCode,AttendanceStatus,Grade
301,CRS002,Online,86.82
301,CRS094,Offline,92.74
301,CRS081,Online,79.51
301,CRS092,Offline,68.35
301,CRS033,Offline,90.42
302,CRS020,Online,68.75
302,CRS013,Offline,75.42
302,CRS016,Offline,94.71
302,CRS003,Online,91.2
303,CRS011,Online,87.45
303,CRS022,Online,65.89
303,CRS042,Online,89.8
304,CRS001,Offline,61.14
304,CRS089,Offline,74.08
304,CRS009,Online,97.08
305,CRS032,Online,75.88
305,CRS055,Offline,80.32
305,CRS023,Online,77.65
306,CRS011,Offline,67.76
306,CRS010,Online,76.11
306,CRS086,Offline,81.18
306,CRS042,Offline,80.74
307,CRS081,Online,68.78
307,CRS002,Online,95.8
307,CRS007,Offline,69.55
308,CRS001,Offline,64.05
308,CRS061,Offline,79.81
308,CRS077,Online,91.43
308,CRS048,Offline,85.48
308,CRS064,Offline,89.36
309,CRS029,Offline,94.1
309,CRS092,Online,66.81
309,CRS081,Online,66.67
310,CRS075,Offline,73.36
310,CRS032,Online,98.97
310,CRS005,Online,66.83
310,CRS095,Online,83.76
311,CRS005,Offline,64.38
311,CRS090,Online,82.69
311,CRS066,Offline,93.41
311,CRS007,Online,90.2
312,CRS012,Offline,79.63
312,CRS025,Offline,99.59
312,CRS026,Offline,86.54
313,CRS033,Offline,88.41
313,CRS081,Offline,64.51
313,CRS002,Online,65.92
313,CRS029,Offline,94.25
314,CRS010,Offline,74.38
314,CRS044,Online,67.75
314,CRS016,Offline,85.55
314,CRS005,Offline,95.09
314,CRS007,Offline,99.49
315,CRS032,Offline,83.57
315,CRS045,Offline,72.37
315,CRS059,Online,83.18
315,CRS098,Offline,93.37
315,CRS071,Online,77.34
316,CRS092,Online,79.96
316,CRS033,Online,78.65
316,CRS094,Online,80.93
316,CRS002,Offline,84.95
317,CRS032,Offline,60.62
317,CRS052,Online,68.69
317,CRS095,Online,62.13
317,CRS075,Offline,60.2
317,CRS005,Offline,86.41
318,CRS001,Offline,95.15
318,CRS035,Online,98.15
318,CRS017,Offline,65.71
319,CRS064,Online,61.29
319,CRS071,Offline,69.95
319,CRS093,Offline,76.9
319,CRS055,Online,95.72
319,CRS066,Offline,83.88
320,CRS082,Online,87.33
320,CRS076,Online,70.0
320,CRS095,Offline,82.17
321,CRS016,Online,75.04
321,CRS003,Offline,63.84
321,CRS013,Offline,87.77
321,CRS091,Offline,78.74
322,CRS085,Online,96.5
322,CRS025,Online,98.3
322,CRS078,Offline,63.54
322,CRS066,Online,84.61
323,CRS088,Online,84.84
323,CRS023,Offline,62.14
323,CRS081,Offline,65.04
323,CRS063,Online,78.51
324,CRS058,Online,73.34
324,CRS015,Online,92.88
324,CRS021,Offline,87.62
324,CRS069,Online,64.86
324,CRS029,Online,88.06
325,CRS015,Offline,85.13
325,CRS069,Online,92.22
325,CRS005,Online,64.59
325,CRS018,Online,66.12
325,CRS074,Online,80.79
326,CRS018,Online,93.31
326,CRS003,Offline,75.63
326,CRS045,Online,72.0
327,CRS017,Offline,94.37
327,CRS021,Online,77.29
327,CRS042,Online,67.39
327,CRS025,Online,66.83
328,CRS053,Online,98.36
328,CRS056,Offline,74.69
328,CRS094,Offline,75.65
328,CRS044,Online,78.56
328,CRS085,Offline,65.93
329,CRS085,Online,83.22
329,CRS023,Online,85.8
329,CRS069,Offline,61.71
329,CRS036,Offline,98.51
330,CRS048,Offline,80.03
330,CRS038,Online,73.95
330,CRS026,Offline,80.52
330,CRS065,Online,86.24
331,CRS053,Offline,91.4
331,CRS074,Offline,96.94
331,CRS093,Online,96.65
331,CRS040,Offline,75.06
332,CRS095,Online,87.91
332,CRS032,Offline,83.38
332,CRS052,Offline,62.7
332,CRS075,Online,94.08
333,CRS036,Online,79.98
333,CRS013,Offline,72.95
333,CRS059,Online,99.25
334,CRS045,Online,62.48
334,CRS006,Offline,64.58
334,CRS021,Online,77.66
334,CRS071,Offline,84.26
334,CRS051,Online,96.94
335,CRS013,Online,67.83
335,CRS060,Offline,77.5
335,CRS086,Offline,69.02
335,CRS090,Online,77.36
336,CRS050,Online,61.33
336,CRS040,Online,95.73
336,CRS052,Offline,90.98
336,CRS020,Online,73.63
336,CRS053,Offline,67.61
337,CRS093,Offline,74.26
337,CRS076,Online,92.06
337,CRS080,Offline,77.1
338,CRS005,Offline,64.04
338,CRS032,Offline,69.22
338,CRS046,Offline,60.9
338,CRS031,Offline,96.89
339,CRS033,Offline,62.99
339,CRS011,Online,94.13
339,CRS002,Offline,75.97
339,CRS081,Online,81.84
340,CRS096,Online,61.29
340,CRS057,Offline,70.44
340,CRS035,Offline,95.52
341,CRS032,Offline,96.97
341,CRS036,Online,69.42
341,CRS045,Online,92.23
342,CRS021,Online,95.5
342,CRS047,Offline,97.86
342,CRS096,Offline,88.93
342,CRS053,Online,61.42
342,CRS065,Online,86.01
343,CRS045,Online,61.05
343,CRS030,Online,81.37
343,CRS018,Offline,87.28
343,CRS003,Online,82.1
344,CRS080,Online,77.19
344,CRS094,Offline,81.98
344,CRS067,Online,77.52
345,CRS037,Online,69.53
345,CRS096,Online,83.54
345,CRS022,Online,76.52
345,CRS017,Online,99.64
345,CRS057,Online,94.93
346,CRS005,Online,77.54
346,CRS074,Offline,61.75
346,CRS069,Offline,84.1
347,CRS016,Offline,79.15
347,CRS012,Online,86.26
347,CRS063,Online,70.01
348,CRS073,Online,77.74
348,CRS086,Offline,97.66
348,CRS076,Offline,94.76
348,CRS082,Online,81.07
348,CRS040,Offline,72.75
349,CRS095,Offline,71.19
349,CRS037,Online,96.48
349,CRS030,Online,72.2
349,CRS040,Online,64.91
349,CRS073,Online,61.43
350,CRS069,Online,79.96
350,CRS074,Online,70.81
350,CRS005,Offline,72.02
351,CRS005,Offline,60.75
351,CRS013,Offline,75.39
351,CRS031,Online,68.98
352,CRS025,Online,86.42
352,CRS067,Online,81.66
352,CRS035,Offline,97.49
352,CRS061,Offline,96.91
353,CRS097,Offline,89.03
353,CRS049,Offline,94.63
353,CRS021,Online,92.3
353,CRS008,Offline,98.1
354,CRS024,Offline,66.5
354,CRS051,Offline,78.69
354,CRS038,Online,65.27
354,CRS059,Online,71.23
354,CRS094,Offline,63.42
355,CRS069,Offline,61.54
355,CRS037,Offline,74.47
355,CRS090,Offline,91.3
356,CRS018,Online,77.75
356,CRS088,Online,77.6
356,CRS063,Offline,61.48
356,CRS081,Offline,79.21
356,CRS023,Online,76.34
357,CRS055,Online,77.62
357,CRS066,Offline,90.64
357,CRS093,Offline,70.38
357,CRS080,Offline,65.09
357,CRS068,Online,65.88
358,CRS003,Offline,83.2
358,CRS013,Online,82.14
358,CRS091,Online,62.43
358,CRS016,Offline,99.01
358,CRS020,Online,87.14
359,CRS080,Offline,64.37
359,CRS032,Offline,64.53
359,CRS093,Online,69.48
359,CRS064,Offline,82.81
360,CRS045,Online,73.06
360,CRS003,Offline,73.4
360,CRS096,Offline,95.9
360,CRS030,Offline,78.83
360,CRS066,Offline,84.88
361,CRS040,Online,96.47
361,CRS003,Online,64.25
361,CRS027,Online,92.32
362,CRS070,Online,75.24
362,CRS035,Online,98.21
362,CRS062,Online,82.62
362,CRS069,Offline,81.56
362,CRS008,Online,93.9
363,CRS003,Online,93.44
363,CRS060,Offline,96.44
363,CRS070,Offline,69.72
363,CRS009,Offline,69.24
363,CRS059,Offline,89.93
364,CRS013,Offline,74.48
364,CRS020,Offline,82.42
364,CRS016,Online,96.59
365,CRS057,Online,82.77
365,CRS022,Online,97.03
365,CRS096,Online,91.06
365,CRS053,Offline,86.96
365,CRS088,Online,84.22
366,CRS042,Offline,76.84
366,CRS070,Online,83.04
366,CRS020,Online,95.99
366,CRS057,Offline,60.62
367,CRS035,Offline,89.71
367,CRS033,Online,94.78
367,CRS079,Offline,60.96
368,CRS023,Offline,74.17
368,CRS030,Offline,87.88
368,CRS072,Online,88.48
369,CRS076,Online,99.77
369,CRS095,Online,62.95
369,CRS057,Offline,98.0
370,CRS064,Online,89.34
370,CRS077,Online,66.09
370,CRS048,Online,83.74
370,CRS061,Offline,86.96
371,CRS066,Offline,97.79
371,CRS044,Online,69.29
371,CRS016,Offline,73.64
371,CRS007,Offline,71.41
372,CRS055,Online,77.22
372,CRS026,Offline,83.01
372,CRS093,Offline,63.98
372,CRS003,Offline,66.62
373,CRS049,Online,71.54
373,CRS082,Offline,99.55
373,CRS093,Online,96.98
373,CRS025,Offline,65.64
374,CRS037,Online,98.39
374,CRS008,Online,60.27
374,CRS069,Online,74.78
375,CRS062,Offline,71.8
375,CRS045,Online,88.65
375,CRS066,Online,77.78
375,CRS018,Offline,79.73
376,CRS026,Offline,92.15
376,CRS049,Online,89.09
376,CRS025,Offline,66.27
377,CRS065,Online,88.27
377,CRS081,Offline,95.69
377,CRS067,Online,77.34
377,CRS080,Offline,67.62
378,CRS004,Offline,94.88
378,CRS094,Online,86.93
378,CRS020,Offline,78.8
378,CRS080,Offline,92.55
378,CRS065,Offline,71.3
379,CRS022,Offline,62.69
379,CRS041,Online,88.4
379,CRS004,Online,76.73
380,CRS065,Offline,79.37
380,CRS048,Online,95.12
380,CRS038,Online,95.0
380,CRS026,Offline,79.61
381,CRS086,Online,68.76
381,CRS076,Offline,76.78
381,CRS057,Offline,73.02
381,CRS045,Offline,64.63
381,CRS026,Offline,98.25
382,CRS010,Offline,93.6
382,CRS052,Offline,84.04
382,CRS075,Online,61.16
382,CRS039,Offline,80.3
382,CRS084,Offline,62.43
383,CRS061,Offline,77.01
383,CRS077,Offline,96.49
383,CRS048,Offline,79.42
383,CRS064,Online,73.59
384,CRS022,Online,82.9
384,CRS043,Online,81.44
384,CRS042,Online,97.92
385,CRS091,Offline,63.61
385,CRS016,Offline,96.49
385,CRS003,Online,86.2
385,CRS020,Online,74.48
385,CRS013,Online,99.41
386,CRS072,Offline,76.54
386,CRS049,Online,97.6
386,CRS083,Online,93.82
386,CRS024,Online,80.06
386,CRS055,Offline,61.69
387,CRS075,Online,61.35
387,CRS050,Online,92.52
387,CRS053,Offline,86.21
387,CRS092,Online,92.73
388,CRS010,Online,60.59
388,CRS084,Online,63.82
388,CRS075,Offline,67.77
388,CRS039,Offline,91.39
389,CRS059,Offline,68.11
389,CRS002,Offline,98.77
389,CRS011,Offline,75.06
389,CRS007,Offline,63.72
390,CRS065,Online,75.3
390,CRS040,Offline,89.1
390,CRS025,Offline,90.51
390,CRS055,Online,78.09
391,CRS001,Offline,79.07
391,CRS086,Online,85.71
391,CRS089,Offline,65.75
391,CRS009,Online,63.82
391,CRS045,Online,68.31
392,CRS063,Offline,84.66
392,CRS030,Offline,80.94
392,CRS015,Online,62.36
392,CRS025,Offline,70.08
393,CRS056,Offline,87.56
393,CRS069,Offline,94.86
393,CRS021,Offline,87.62
393,CRS006,Offline,81.82
394,CRS065,Offline,80.58
394,CRS021,Online,96.85
394,CRS026,Offline,87.97
394,CRS039,Offline,65.09
395,CRS016,Online,77.5
395,CRS012,Online,61.56
395,CRS066,Offline,79.81
396,CRS092,Offline,60.37
396,CRS081,Online,77.42
396,CRS029,Offline,88.8
396,CRS033,Offline,80.9
396,CRS094,Offline,82.55
397,CRS007,Offline,80.78
397,CRS011,Offline,78.88
397,CRS081,Online,97.45
398,CRS035,Offline,76.65
398,CRS070,Online,78.82
398,CRS042,Online,72.47
398,CRS057,Online,67.97
398,CRS020,Online,81.51
399,CRS001,Online,62.67
399,CRS077,Online,73.8
399,CRS061,Online,97.12
399,CRS048,Offline,71.37
400,CRS045,Offline,82.44
400,CRS063,Online,63.1
400,CRS085,Online,64.12
400,CRS041,Online,71.2
401,CRS063,Offline,83.03
401,CRS006,Offline,98.67
401,CRS012,Offline,68.37
401,CRS026,Online,91.33
402,CRS035,Online,65.73
402,CRS076,Offline,94.98
402,CRS069,Offline,63.11
403,CRS035,Offline,73.08
403,CRS057,Online,69.63
403,CRS070,Offline,75.09
404,CRS069,Offline,81.23
404,CRS031,Online,98.21
404,CRS047,Offline,88.45
404,CRS040,Offline,82.42
405,CRS040,Offline,86.08
405,CRS041,Online,61.01
405,CRS019,Offline,94.21
405,CRS069,Offline,89.14
406,CRS017,Offline,67.16
406,CRS098,Online,67.83
407,CRS033,Offline,63.76
407,CRS019,Offline,96.63
407,CRS040,Online,84.27
407,CRS031,Online,85.89
408,CRS075,Offline,85.01
408,CRS068,Online,94.53
408,CRS006,Offline,99.89
408,CRS063,Offline,79.61
408,CRS023,Offline,90.0
409,CRS098,Online,88.23
409,CRS041,Online,94.84
409,CRS022,Online,63.31
409,CRS042,Online,62.24
409,CRS062,Online,72.57
410,CRS040,Offline,95.91
410,CRS025,Online,96.23
410,CRS065,Offline,80.65
410,CRS014,Offline,76.66
410,CRS055,Online,62.6
411,CRS030,Online,71.02
411,CRS054,Online,87.55
411,CRS023,Offline,66.92
411,CRS079,Online,72.45
411,CRS036,Offline,64.71
412,CRS062,Online,64.65
412,CRS066,Online,67.3
412,CRS003,Online,67.43
412,CRS045,Online,90.67
413,CRS022,Online,95.09
413,CRS037,Online,72.31
413,CRS057,Online,89.9
414,CRS044,Offline,67.12
414,CRS096,Online,82.6
414,CRS016,Offline,69.04
414,CRS053,Online,70.91
414,CRS074,Online,67.08
415,CRS054,Offline,74.21
415,CRS079,Offline,73.95
415,CRS089,Offline,93.18
415,CRS015,Online,61.47
416,CRS055,Offline,85.84
416,CRS025,Offline,68.3
416,CRS040,Offline,63.63
416,CRS014,Online,70.33
416,CRS065,Offline,70.43
417,CRS032,Online,78.69
417,CRS011,Offline,74.89
417,CRS031,Offline,86.33
418,CRS039,Offline,94.77
418,CRS089,Online,66.35
418,CRS011,Offline,73.39
419,CRS003,Offline,81.87
419,CRS018,Online,77.56
419,CRS030,Offline,83.74
419,CRS062,Offline,89.24
419,CRS096,Offline,93.36
420,CRS072,Offline,72.01
420,CRS097,Online,90.53
420,CRS036,Online,76.84
420,CRS085,Offline,98.16
421,CRS004,Offline,95.46
421,CRS031,Online,98.06
421,CRS065,Online,65.2
421,CRS020,Offline,91.54
422,CRS010,Online,92.06
422,CRS045,Offline,75.84
422,CRS068,Offline,60.03
423,CRS025,Offline,63.22
423,CRS065,Online,94.31
423,CRS055,Offline,63.61
424,CRS033,Online,79.09
424,CRS091,Offline,64.0
424,CRS059,Offline,87.95
425,CRS083,Online,75.5
425,CRS026,Offline,90.52
425,CRS099,Online,76.0
425,CRS012,Offline,95.92
426,CRS047,Offline,79.53
426,CRS040,Online,68.87
426,CRS033,Online,90.71
426,CRS069,Offline,74.49
426,CRS019,Online,84.42
427,CRS023,Online,61.77
427,CRS036,Offline,77.42
427,CRS097,Offline,75.36
427,CRS085,Online,77.03
428,CRS063,Offline,98.34
428,CRS079,Offline,67.18
428,CRS087,Offline,87.29
428,CRS018,Online,78.6
429,CRS049,Online,66.44
429,CRS021,Online,82.99
429,CRS052,Offline,87.45
430,CRS082,Online,72.12
430,CRS062,Offline,89.68
430,CRS094,Online,84.15
431,CRS074,Offline,93.77
431,CRS085,Offline,64.47
431,CRS056,Online,99.23
431,CRS096,Offline,94.81
432,CRS012,Offline,67.9
432,CRS006,Offline,77.4
432,CRS016,Offline,71.27
433,CRS078,Offline,62.0
433,CRS017,Offline,70.09
433,CRS040,Offline,87.0
434,CRS095,Offline,74.28
434,CRS057,Online,77.87
434,CRS009,Offline,85.44
435,CRS006,Online,63.36
435,CRS016,Online,65.04
435,CRS099,Online,85.32
435,CRS026,Offline,95.71
435,CRS063,Offline,98.87
436,CRS074,Online,73.06
436,CRS015,Online,65.87
436,CRS018,Online,75.28
436,CRS069,Online,73.51
436,CRS005,Offline,76.9
437,CRS026,Offline,98.61
437,CRS049,Online,82.84
437,CRS025,Offline,84.62
438,CRS036,Online,90.43
438,CRS001,Offline,70.99
438,CRS031,Online,71.07
438,CRS069,Online,84.18
438,CRS097,Online,87.13
439,CRS014,Offline,86.29
439,CRS055,Offline,70.68
439,CRS065,Offline,63.89
439,CRS040,Online,60.72
440,CRS023,Offline,83.52
440,CRS022,Offline,81.66
440,CRS032,Offline,97.19
440,CRS055,Online,73.72
441,CRS038,Offline,68.43
441,CRS066,Online,86.92
441,CRS012,Offline,76.12
441,CRS018,Online,85.26
442,CRS030,Offline,90.03
442,CRS003,Offline,86.98
442,CRS018,Online,66.24
442,CRS096,Online,84.97
442,CRS062,Offline,76.62
443,CRS052,Offline,96.85
443,CRS075,Online,75.14
443,CRS005,Online,63.88
444,CRS011,Online,94.6
444,CRS005,Offline,82.0
444,CRS013,Offline,90.05
445,CRS094,Online,86.57
445,CRS051,Offline,80.09
445,CRS059,Offline,69.0
445,CRS091,Offline,79.79
446,CRS016,Offline,71.54
446,CRS020,Offline,90.52
446,CRS003,Online,87.33
446,CRS091,Online,75.33
447,CRS086,Online,65.54
447,CRS095,Online,83.98
447,CRS045,Offline,97.82
447,CRS009,Offline,84.39
447,CRS001,Online,82.77
448,CRS046,Offline,82.08
448,CRS005,Online,94.01
448,CRS013,Online,78.31
448,CRS032,Online,67.01
449,CRS023,Online,68.28
449,CRS044,Offline,78.37
449,CRS097,Offline,99.59
449,CRS086,Online,98.91
449,CRS017,Online,92.15
450,CRS013,Online,60.28
450,CRS061,Online,87.28
450,CRS055,Offline,94.68
450,CRS037,Offline,94.49
451,CRS055,Online,88.63
451,CRS040,Online,77.54
451,CRS065,Online,71.72
452,CRS011,Offline,77.14
452,CRS038,Online,64.14
452,CRS018,Offline,90.32
452,CRS066,Online,88.88
453,CRS055,Offline,68.4
453,CRS032,Online,73.2
453,CRS023,Online,78.33
453,CRS022,Offline,90.1
454,CRS038,Offline,91.49
454,CRS065,Offline,82.73
454,CRS048,Online,90.45
454,CRS029,Online,80.87
455,CRS011,Offline,72.27
455,CRS013,Online,82.71
455,CRS032,Offline,79.01
456,CRS096,Online,84.3
456,CRS066,Offline,70.29
456,CRS061,Online,61.12
456,CRS093,Online,83.33
457,CRS059,Offline,88.85
457,CRS002,Offline,79.08
457,CRS011,Online,98.9
458,CRS044,Offline,75.12
458,CRS065,Offline,85.94
458,CRS086,Offline,67.02
458,CRS064,Offline,60.57
458,CRS047,Online,73.69
459,CRS007,Online,86.0
459,CRS081,Offline,79.95
459,CRS059,Online,93.6
459,CRS033,Online,89.66
460,CRS005,Offline,80.3
460,CRS066,Offline,82.13
460,CRS044,Online,98.82
460,CRS100,Online,77.87
461,CRS016,Online,69.13
461,CRS100,Offline,67.1
461,CRS010,Offline,82.08
461,CRS044,Online,89.72
461,CRS007,Online,96.25
462,CRS086,Online,69.1
462,CRS051,Offline,78.57
462,CRS013,Online,72.75
463,CRS010,Online,79.04
463,CRS039,Online,81.69
463,CRS075,Online,83.93
463,CRS084,Offline,82.77
463,CRS052,Offline,94.45
464,CRS086,Offline,99.69
464,CRS073,Offline,90.18
464,CRS075,Offline,79.7
465,CRS045,Offline,98.06
465,CRS056,Offline,70.57
465,CRS042,Online,73.65
466,CRS051,Online,79.5
466,CRS094,Offline,95.73
466,CRS024,Offline,79.83
466,CRS038,Online,62.62
466,CRS006,Offline,86.92
467,CRS075,Online,67.74
467,CRS052,Online,90.51
467,CRS095,Online,72.29
468,CRS040,Online,82.84
468,CRS055,Online,72.95
468,CRS014,Online,90.66
468,CRS025,Online,94.09
469,CRS048,Offline,69.15
469,CRS061,Offline,78.88
469,CRS064,Offline,74.83
469,CRS077,Offline,73.35
469,CRS001,Offline,93.17
470,CRS075,Offline,60.23
470,CRS052,Offline,62.21
470,CRS032,Offline,74.14
470,CRS095,Online,99.0
471,CRS005,Online,86.48
471,CRS081,Offline,71.79
471,CRS076,Offline,60.95
471,CRS030,Offline,91.64
472,CRS098,Offline,94.26
472,CRS046,Online,62.98
472,CRS062,Online,73.02
472,CRS041,Offline,97.66
473,CRS045,Offline,99.48
473,CRS003,Offline,62.37
473,CRS096,Online,85.59
473,CRS062,Offline,81.52
473,CRS066,Offline,96.94
474,CRS038,Offline,99.09
474,CRS019,Offline,92.97
474,CRS006,Online,83.59
475,CRS045,Offline,82.91
475,CRS051,Offline,82.27
475,CRS006,Offline,87.58
475,CRS071,Online,90.88
475,CRS021,Online,94.83
476,CRS042,Offline,78.73
476,CRS070,Offline,74.49
476,CRS035,Online,87.11
476,CRS020,Offline,70.21
476,CRS057,Online,65.61
477,CRS053,Online,93.27
477,CRS096,Online,96.52
477,CRS088,Offline,60.65
477,CRS057,Offline,99.83
477,CRS022,Offline,91.61
478,CRS040,Online,82.61
478,CRS069,Online,81.27
478,CRS031,Online,82.96
478,CRS019,Offline,84.4
479,CRS017,Offline,78.63
479,CRS098,Online,86.02
480,CRS061,Offline,78.16
480,CRS096,Offline,95.58
480,CRS093,Offline,82.99
481,CRS049,Online,69.01
481,CRS030,Offline,66.02
481,CRS008,Online,83.38
482,CRS089,Offline,95.73
482,CRS078,Online,67.55
482,CRS053,Online,68.25
482,CRS075,Online,64.04
483,CRS001,Offline,94.82
483,CRS031,Online,86.33
483,CRS069,Online,72.12
483,CRS085,Offline,99.64
483,CRS097,Online,97.45
484,CRS055,Offline,64.92
484,CRS024,Offline,61.02
484,CRS072,Online,75.22
485,CRS069,Offline,83.61
485,CRS033,Online,63.71
485,CRS029,Online,80.27
485,CRS041,Online,66.52
486,CRS022,Offline,89.99
486,CRS056,Offline,76.61
486,CRS045,Online,99.41
487,CRS059,Offline,60.65
487,CRS088,Offline,92.14
487,CRS042,Offline,98.46
487,CRS056,Online,74.19
487,CRS022,Offline,93.46
488,CRS049,Offline,95.04
488,CRS028,Online,98.05
488,CRS025,Offline,89.19
488,CRS055,Offline,61.81
489,CRS023,Online,80.74
489,CRS073,Online,87.8
489,CRS022,Online,62.45
490,CRS061,Offline,92.93
490,CRS077,Offline,66.9
490,CRS064,Online,89.68
491,CRS017,Offline,68.16
491,CRS026,Offline,85.01
491,CRS012,Offline,84.88
491,CRS097,Online,91.33
491,CRS008,Offline,61.14
492,CRS005,Online,81.58
492,CRS076,Online,66.33
492,CRS025,Online,73.95
492,CRS035,Online,63.68
493,CRS023,Offline,94.25
493,CRS085,Offline,65.38
493,CRS036,Online,72.46
494,CRS036,Offline,98.28
494,CRS016,Online,79.11
494,CRS066,Online,65.03
494,CRS038,Online,92.22
495,CRS023,Offline,71.29
495,CRS022,Online,69.99
495,CRS073,Offline,67.39
496,CRS051,Online,73.12
496,CRS090,Offline,86.45
496,CRS060,Online,89.92
496,CRS086,Offline,85.28
496,CRS020,Online,99.18
497,CRS040,Online,66.48
497,CRS030,Offline,60.47
497,CRS082,Offline,79.35
498,CRS030,Offline,99.71
498,CRS067,Offline,84.85
498,CRS063,Offline,64.71
498,CRS035,Offline,86.22
499,CRS063,Offline,90.88
499,CRS085,Offline,86.53
499,CRS010,Offline,90.53
499,CRS023,Offline,62.52
499,CRS075,Offline,77.06
500,CRS065,Online,99.0
500,CRS025,Online,64.81
500,CRS014,Offline,65.05
501,CRS042,Online,75.9
501,CRS057,Online,65.67
501,CRS035,Online,91.04
501,CRS020,Online,89.34
502,CRS032,Online,92.01
502,CRS046,Offline,81.58
502,CRS011,Online,74.98
502,CRS013,Online,87.22
503,CRS045,Online,71.14
503,CRS069,Offline,71.86
503,CRS056,Offline,95.75
503,CRS021,Offline,72.88
503,CRS071,Offline,60.01
504,CRS081,Online,62.37
504,CRS059,Offline,65.61
504,CRS011,Offline,92.9
504,CRS002,Online,75.65
505,CRS079,Online,69.94
505,CRS097,Offline,62.82
505,CRS069,Offline,65.62
506,CRS016,Online,68.23
506,CRS066,Online,86.89
506,CRS078,Offline,60.43
506,CRS056,Online,80.82
507,CRS021,Offline,92.89
507,CRS058,Offline,66.15
507,CRS032,Offline,95.01
507,CRS049,Online,75.26
507,CRS069,Offline,64.51
508,CRS072,Offline,68.99
508,CRS030,Online,63.54
508,CRS079,Offline,69.65
508,CRS089,Offline,93.47
509,CRS072,Offline,93.69
509,CRS024,Offline,96.19
509,CRS055,Offline,76.79
509,CRS083,Offline,99.32
510,CRS019,Offline,69.71
510,CRS069,Offline,68.86
510,CRS041,Offline,86.63
511,CRS085,Offline,61.68
511,CRS072,Online,83.61
511,CRS043,Online,83.03
512,CRS022,Offline,88.73
512,CRS037,Online,73.89
512,CRS053,Offline,94.09
513,CRS065,Online,82.68
513,CRS026,Online,85.22
513,CRS029,Offline,63.95
513,CRS038,Offline,92.08
513,CRS048,Offline,93.98
514,CRS067,Offline,77.84
514,CRS094,Online,72.98
514,CRS031,Offline,90.74
514,CRS020,Online,68.38
515,CRS059,Offline,94.27
515,CRS024,Offline,74.07
515,CRS038,Online,72.66
515,CRS094,Offline,64.05
515,CRS006,Online,85.58
516,CRS081,Online,70.59
516,CRS061,Offline,74.02
516,CRS023,Offline,95.83
516,CRS086,Online,98.37
517,CRS012,Offline,96.35
517,CRS028,Offline,90.27
517,CRS085,Online,75.92
517,CRS043,Online,67.94
518,CRS061,Offline,65.83
518,CRS060,Offline,81.31
518,CRS055,Offline,65.32
519,CRS041,Online,72.95
519,CRS056,Online,77.7
519,CRS088,Online,69.84
519,CRS062,Online,86.7
520,CRS011,Online,69.81
520,CRS066,Online,77.61
520,CRS012,Online,65.82
520,CRS038,Offline,69.75
521,CRS056,Online,76.49
521,CRS084,Offline,85.09
521,CRS041,Offline,89.87
522,CRS066,Offline,96.0
522,CRS078,Online,72.81
522,CRS019,Offline,63.08
522,CRS025,Online,72.87
522,CRS085,Online,91.82
523,CRS029,Online,92.29
523,CRS021,Online,88.8
523,CRS058,Online,78.61
523,CRS047,Online,78.41
523,CRS091,Offline,79.89
524,CRS017,Online,82.4
524,CRS098,Online,95.83
525,CRS029,Offline,82.79
525,CRS021,Online,88.54
525,CRS049,Offline,77.23
525,CRS015,Online,99.45
526,CRS098,Offline,73.22
526,CRS017,Offline,65.77
527,CRS086,Offline,83.5
527,CRS077,Online,84.55
527,CRS039,Offline,89.22
527,CRS010,Online,69.95
527,CRS089,Online,93.43
528,CRS072,Online,63.77
528,CRS024,Offline,82.96
528,CRS049,Offline,92.2
529,CRS075,Online,72.45
529,CRS039,Online,88.29
529,CRS084,Offline,79.99
529,CRS010,Online,70.42
530,CRS062,Online,73.59
530,CRS037,Online,80.95
530,CRS070,Online,95.17
531,CRS036,Online,66.74
531,CRS006,Online,60.19
531,CRS014,Offline,72.25
532,CRS044,Offline,67.27
532,CRS007,Online,99.03
532,CRS090,Online,94.88
532,CRS066,Online,83.99
532,CRS029,Online,95.66
533,CRS025,Online,92.29
533,CRS065,Offline,97.4
533,CRS055,Online,73.96
533,CRS014,Online,83.6
533,CRS040,Online,96.01
534,CRS036,Offline,91.36
534,CRS030,Online,86.75
534,CRS056,Online,73.53
534,CRS089,Offline,65.66
535,CRS036,Online,96.66
535,CRS071,Offline,92.44
535,CRS010,Online,93.91
535,CRS032,Online,86.54
536,CRS081,Online,71.3
536,CRS088,Online,77.92
536,CRS087,Online,71.72
536,CRS079,Offline,76.17
537,CRS024,Online,72.86
537,CRS072,Offline,84.39
537,CRS083,Offline,79.9
537,CRS049,Offline,90.83
538,CRS014,Online,85.64
538,CRS065,Online,81.37
538,CRS055,Online,98.67
538,CRS040,Offline,67.53
538,CRS025,Online,92.95
539,CRS078,Offline,87.25
539,CRS017,Online,96.43
539,CRS036,Online,78.29
539,CRS010,Online,95.69
539,CRS014,Offline,62.92
540,CRS045,Online,61.81
540,CRS018,Offline,68.24
540,CRS062,Online,96.97
541,CRS064,Online,99.48
541,CRS096,Online,74.87
541,CRS068,Offline,61.79
542,CRS017,Offline,87.22
542,CRS098,Offline,68.2
543,CRS064,Offline,75.09
543,CRS053,Online,92.67
543,CRS074,Offline,70.14
543,CRS016,Online,85.06
543,CRS094,Offline,61.67
544,CRS025,Online,85.5
544,CRS067,Online,66.36
544,CRS076,Offline,62.66
544,CRS030,Offline,66.69
545,CRS052,Offline,64.34
545,CRS075,Online,75.8
545,CRS032,Online,98.01
545,CRS095,Offline,68.03
545,CRS005,Online,78.76
546,CRS035,Offline,67.38
546,CRS090,Online,69.67
546,CRS008,Offline,77.52
547,CRS081,Online,90.74
547,CRS092,Offline,61.75
547,CRS002,Online,97.94
548,CRS064,Offline,68.03
548,CRS094,Online,75.65
548,CRS026,Online,97.87
548,CRS047,Online,69.01
549,CRS032,Online,93.74
549,CRS049,Offline,82.27
549,CRS058,Online,81.88
549,CRS015,Offline,62.27
549,CRS091,Online,76.4
550,CRS002,Offline,61.54
550,CRS092,Online,87.37
550,CRS029,Online,75.25
550,CRS033,Online,92.55
550,CRS081,Online,94.28
551,CRS022,Offline,71.3
551,CRS041,Offline,77.99
551,CRS098,Online,87.32
551,CRS059,Offline,73.81
551,CRS046,Offline,79.17
552,CRS094,Online,65.78
552,CRS064,Online,98.52
552,CRS047,Offline,99.97
553,CRS037,Offline,65.76
553,CRS001,Offline,76.41
553,CRS055,Online,99.5
554,CRS096,Online,97.68
554,CRS066,Offline,95.34
554,CRS030,Offline,89.34
555,CRS052,Offline,86.61
555,CRS056,Online,88.93
555,CRS033,Online,69.84
555,CRS084,Online,82.74
556,CRS095,Offline,68.54
556,CRS052,Online,78.81
556,CRS032,Offline,72.01
556,CRS075,Offline,62.04
556,CRS005,Online,73.51
557,CRS066,Offline,67.21
557,CRS045,Offline,60.95
557,CRS062,Online,75.44
558,CRS015,Offline,83.0
558,CRS022,Online,66.03
558,CRS086,Offline,78.74
558,CRS077,Online,90.5
558,CRS099,Offline,72.65
559,CRS098,Online,60.86
559,CRS012,Online,73.26
559,CRS054,Online,72.53
559,CRS085,Offline,68.12
559,CRS072,Online,98.32
560,CRS094,Offline,79.0
560,CRS006,Online,71.59
560,CRS024,Online,92.09
560,CRS051,Online,96.03
561,CRS047,Offline,66.33
561,CRS053,Offline,87.99
561,CRS021,Offline,87.6
562,CRS037,Online,90.23
562,CRS040,Online,95.21
562,CRS073,Offline,75.17
563,CRS022,Online,77.89
563,CRS059,Online,98.81
563,CRS046,Offline,95.42
564,CRS045,Online,84.96
564,CRS022,Offline,96.67
564,CRS056,Online,99.72
565,CRS017,Offline,88.46
565,CRS098,Online,74.19
566,CRS003,Offline,67.68
566,CRS080,Offline,99.28
566,CRS026,Online,79.58
566,CRS082,Online,62.08
567,CRS086,Offline,99.85
567,CRS044,Offline,61.62
567,CRS097,Offline,86.38
568,CRS089,Online,89.39
568,CRS050,Online,72.11
568,CRS053,Online,96.18
568,CRS075,Offline,75.54
569,CRS052,Offline,88.29
569,CRS075,Online,97.72
569,CRS039,Offline,82.1
569,CRS084,Offline,71.27
569,CRS010,Online,96.53
570,CRS026,Online,60.92
570,CRS085,Online,92.25
570,CRS070,Online,69.72
570,CRS047,Online,74.94
570,CRS064,Online,82.88
571,CRS017,Online,88.92
571,CRS098,Offline,94.81
572,CRS015,Offline,91.45
572,CRS025,Online,84.5
572,CRS063,Online,88.17
572,CRS067,Online,96.72
572,CRS044,Online,67.42
573,CRS021,Online,88.68
573,CRS006,Offline,72.82
573,CRS045,Online,79.04
573,CRS071,Online,88.33
573,CRS051,Offline,84.22
574,CRS066,Online,77.7
574,CRS036,Online,63.18
574,CRS038,Online,70.53
575,CRS077,Online,93.94
575,CRS019,Online,66.5
575,CRS011,Offline,84.06
575,CRS086,Offline,68.73
575,CRS089,Offline,92.98
576,CRS011,Offline,90.17
576,CRS032,Online,62.46
576,CRS005,Offline,73.77
576,CRS013,Online,84.79
576,CRS046,Offline,63.2
577,CRS069,Offline,87.92
577,CRS005,Online,82.77
577,CRS018,Offline,78.03
577,CRS074,Offline,74.82
577,CRS015,Offline,90.54
578,CRS033,Online,87.63
578,CRS029,Offline,78.6
578,CRS040,Offline,72.97
578,CRS047,Offline,78.54
579,CRS088,Offline,76.78
579,CRS042,Online,94.93
579,CRS041,Offline,75.26
579,CRS059,Online,75.98
580,CRS072,Online,68.68
580,CRS030,Online,75.65
580,CRS085,Online,70.84
581,CRS004,Online,72.14
581,CRS081,Offline,69.11
581,CRS034,Offline,84.27
582,CRS035,Online,74.13
582,CRS100,Online,62.68
582,CRS025,Offline,88.24
582,CRS044,Offline,65.66
583,CRS071,Online,98.27
583,CRS069,Online,73.54
583,CRS021,Offline,87.36
583,CRS045,Offline,84.47
583,CRS051,Online,81.19
584,CRS037,Offline,62.52
584,CRS017,Offline,74.8
584,CRS096,Online,68.38
584,CRS035,Offline,87.53
585,CRS065,Offline,83.09
585,CRS039,Offline,87.93
585,CRS025,Online,98.62
585,CRS042,Online,88.32
586,CRS045,Online,72.54
586,CRS069,Online,75.37
586,CRS021,Online,84.94
586,CRS071,Online,81.17
586,CRS051,Offline,84.1
587,CRS063,Offline,88.48
587,CRS018,Offline,93.91
587,CRS079,Online,78.95
587,CRS081,Online,85.32
587,CRS087,Offline,74.25
588,CRS017,Offline,99.41
588,CRS036,Online,92.97
588,CRS010,Online,98.31
588,CRS014,Online,71.82
588,CRS040,Online,89.42
589,CRS061,Offline,69.93
589,CRS079,Offline,76.92
589,CRS100,Online,71.93
590,CRS017,Online,86.07
590,CRS035,Offline,63.15
590,CRS001,Offline,91.03
591,CRS069,Online,83.75
591,CRS074,Offline,64.31
591,CRS018,Offline,78.24
592,CRS070,Online,83.46
592,CRS057,Offline,98.24
592,CRS035,Online,62.1
593,CRS086,Offline,93.27
593,CRS060,Offline,82.01
593,CRS051,Offline,85.85
593,CRS013,Offline,67.12
594,CRS097,Online,95.33
594,CRS017,Online,88.91
594,CRS044,Online,79.87
594,CRS081,Online,65.6
594,CRS061,Online,80.91
595,CRS012,Online,76.51
595,CRS006,Online,79.7
595,CRS016,Online,80.99
595,CRS063,Offline,87.78
595,CRS099,Online,92.57
596,CRS009,Online,62.26
596,CRS006,Online,62.1
596,CRS027,Online,79.15
596,CRS070,Online,68.76
597,CRS039,Offline,72.92
597,CRS084,Offline,60.77
597,CRS052,Offline,79.69
598,CRS052,Online,68.35
598,CRS022,Offline,60.29
598,CRS004,Online,83.26
598,CRS056,Offline,80.37
598,CRS042,Online,75.89
599,CRS095,Offline,70.63
599,CRS030,Offline,80.44
599,CRS076,Online,93.39
600,CRS027,Offline,64.77
600,CRS040,Offline,78.07
600,CRS021,Offline,84.13
600,CRS009,Offline,68.18
600,CRS059,Online,61.67
601,CRS076,Offline,93.32
601,CRS023,Online,95.47
601,CRS073,Offline,74.44
602,CRS062,Online,80.44
602,CRS069,Offline,60.49
602,CRS037,Online,94.41
603,CRS060,Offline,99.37
603,CRS059,Online,96.83
603,CRS040,Offline,82.43
604,CRS036,Online,94.11
604,CRS013,Online,94.29
604,CRS045,Offline,97.21
604,CRS010,Offline,77.8
605,CRS031,Online,98.84
605,CRS019,Offline,63.04
605,CRS047,Offline,86.15
605,CRS069,Offline,90.82
605,CRS029,Online,72.08
606,CRS085,Online,95.21
606,CRS038,Offline,66.98
606,CRS012,Online,63.44
606,CRS054,Online,78.21
607,CRS084,Online,89.26
607,CRS052,Online,68.62
607,CRS039,Offline,87.12
607,CRS010,Online,61.49
607,CRS075,Offline,93.22
608,CRS016,Online,98.38
608,CRS011,Offline,88.4
608,CRS036,Offline,68.11
608,CRS066,Offline,60.98
609,CRS032,Online,99.83
609,CRS091,Online,94.94
609,CRS058,Offline,82.36
609,CRS052,Offline,91.68
610,CRS006,Offline,78.25
610,CRS045,Offline,81.78
610,CRS023,Offline,86.34
610,CRS085,Offline,89.05
610,CRS075,Online,72.83
611,CRS040,Offline,99.34
611,CRS055,Offline,65.91
611,CRS014,Offline,87.03
611,CRS025,Offline,74.41
611,CRS065,Offline,63.46
612,CRS019,Offline,90.15
612,CRS024,Online,95.59
612,CRS059,Offline,80.25
612,CRS038,Online,83.95
613,CRS017,Online,92.99
613,CRS098,Offline,63.27
614,CRS027,Online,83.02
614,CRS091,Offline,97.38
614,CRS094,Online,89.59
614,CRS011,Offline,79.57
615,CRS056,Offline,68.76
615,CRS051,Offline,89.99
615,CRS045,Online,69.03
615,CRS069,Offline,66.23
616,CRS078,Online,96.63
616,CRS010,Offline,69.67
616,CRS006,Offline,72.11
616,CRS036,Online,81.68
616,CRS040,Online,98.06
617,CRS003,Offline,64.84
617,CRS072,Online,93.11
617,CRS070,Online,62.68
618,CRS012,Online,87.91
618,CRS030,Offline,73.73
618,CRS026,Offline,68.34
618,CRS087,Offline,84.77
619,CRS022,Offline,74.06
619,CRS088,Offline,88.03
619,CRS098,Offline,90.12
619,CRS046,Online,76.91
620,CRS070,Online,98.51
620,CRS090,Online,78.99
620,CRS062,Online,63.32
620,CRS008,Online,78.19
620,CRS076,Offline,69.66
621,CRS003,Offline,68.66
621,CRS055,Offline,63.8
621,CRS049,Online,83.74
621,CRS082,Online,97.42
622,CRS002,Offline,87.89
622,CRS088,Offline,92.05
622,CRS017,Online,70.13
622,CRS022,Online,87.93
623,CRS049,Online,71.61
623,CRS074,Offline,77.07
623,CRS093,Online,98.74
623,CRS040,Online,67.96
624,CRS038,Offline,61.75
624,CRS011,Online,68.94
624,CRS062,Offline,69.15
624,CRS033,Offline,92.34
625,CRS002,Online,89.61
625,CRS007,Online,77.52
625,CRS059,Offline,91.77
626,CRS008,Online,76.74
626,CRS070,Online,71.16
626,CRS069,Offline,62.68
626,CRS037,Online,70.51
627,CRS068,Online,64.84
627,CRS076,Online,63.46
627,CRS071,Online,86.59
627,CRS080,Offline,86.39
627,CRS064,Offline,82.29
628,CRS012,Offline,64.63
628,CRS065,Online,69.29
628,CRS017,Online,72.01
628,CRS049,Offline,60.45
629,CRS085,Offline,83.42
629,CRS006,Online,72.13
629,CRS075,Online,72.78
630,CRS048,Offline,79.13
630,CRS029,Online,63.96
630,CRS026,Offline,82.12
631,CRS092,Online,94.45
631,CRS002,Online,79.11
631,CRS029,Online,82.65
631,CRS033,Online,85.08
631,CRS094,Offline,93.59
632,CRS018,Offline,61.72
632,CRS030,Offline,91.23
632,CRS045,Online,67.7
632,CRS003,Offline,75.63
633,CRS035,Online,83.96
633,CRS070,Offline,79.89
633,CRS057,Online,77.31
633,CRS042,Online,76.69
633,CRS020,Online,88.18
634,CRS006,Offline,71.23
634,CRS063,Offline,72.14
634,CRS023,Offline,96.77
635,CRS077,Offline,73.48
635,CRS064,Offline,99.01
635,CRS048,Online,70.06
635,CRS001,Offline,97.37
636,CRS098,Online,82.64
636,CRS038,Offline,98.89
636,CRS036,Online,93.03
636,CRS072,Offline,71.14
637,CRS020,Online,87.48
637,CRS013,Offline,88.5
637,CRS016,Offline,68.18
637,CRS003,Offline,83.27
637,CRS091,Online,64.69
638,CRS025,Online,95.49
638,CRS065,Offline,75.0
638,CRS021,Offline,79.37
638,CRS087,Offline,97.3
638,CRS026,Offline,81.5
639,CRS045,Online,98.66
639,CRS010,Offline,60.13
639,CRS023,Online,92.48
640,CRS039,Offline,80.44
640,CRS097,Offline,67.97
640,CRS042,Online,99.26
640,CRS049,Offline,83.81
641,CRS081,Online,67.24
641,CRS094,Offline,90.4
641,CRS033,Online,61.64
641,CRS002,Online,71.09
642,CRS095,Online,61.6
642,CRS075,Online,60.39
642,CRS037,Offline,99.07
642,CRS030,Offline,71.37
642,CRS073,Online,69.22
643,CRS059,Online,66.07
643,CRS081,Offline,90.49
643,CRS011,Online,92.23
643,CRS033,Offline,68.13
643,CRS007,Online,98.18
644,CRS063,Offline,92.38
644,CRS076,Online,63.83
644,CRS100,Offline,68.84
645,CRS032,Online,60.13
645,CRS098,Offline,77.41
645,CRS013,Offline,77.85
645,CRS093,Online,64.01
646,CRS079,Offline,66.02
646,CRS087,Offline,94.02
646,CRS088,Offline,60.92
647,CRS029,Offline,60.83
647,CRS048,Offline,93.53
647,CRS065,Online,74.92
647,CRS038,Online,84.04
648,CRS080,Offline,74.13
648,CRS026,Offline,69.95
648,CRS098,Offline,95.94
648,CRS025,Offline,84.02
648,CRS082,Offline,98.43
649,CRS083,Online,75.55
649,CRS049,Offline,74.38
649,CRS055,Online,79.64
649,CRS024,Offline,96.37
649,CRS072,Online,77.49
650,CRS007,Offline,66.32
650,CRS011,Online,94.15
650,CRS059,Online,93.84
650,CRS081,Offline,74.58
651,CRS010,Online,70.02
651,CRS023,Offline,78.12
651,CRS006,Offline,65.67
652,CRS075,Offline,66.67
652,CRS040,Online,69.27
652,CRS037,Online,84.84
652,CRS073,Online,71.53
653,CRS078,Online,84.11
653,CRS053,Online,62.7
653,CRS089,Online,70.76
653,CRS050,Online,81.36
654,CRS093,Online,81.35
654,CRS053,Online,69.83
654,CRS074,Online,73.02
654,CRS040,Online,90.65
655,CRS010,Online,78.76
655,CRS098,Online,69.68
655,CRS036,Offline,82.95
655,CRS013,Offline,78.5
655,CRS059,Offline,67.01
656,CRS029,Online,62.68
656,CRS065,Offline,65.44
656,CRS038,Offline,78.43
657,CRS069,Offline,91.46
657,CRS074,Offline,90.07
657,CRS018,Offline,66.68
657,CRS015,Offline,65.05
658,CRS018,Offline,93.68
658,CRS012,Online,84.18
658,CRS036,Offline,75.3
659,CRS070,Online,90.01
659,CRS008,Online,77.42
659,CRS037,Online,78.0
659,CRS062,Online,85.96
660,CRS045,Online,96.15
660,CRS018,Offline,79.47
660,CRS066,Offline,88.52
660,CRS003,Offline,95.3
661,CRS033,Online,95.88
661,CRS062,Online,71.82
661,CRS011,Online,74.02
661,CRS038,Offline,95.48
662,CRS017,Offline,92.84
662,CRS098,Offline,61.62
663,CRS006,Offline,96.88
663,CRS016,Online,60.44
663,CRS083,Online,65.84
663,CRS012,Offline,62.4
664,CRS049,Offline,91.94
664,CRS055,Offline,73.88
664,CRS024,Offline,71.4
664,CRS083,Online,92.05
664,CRS072,Online,95.34
665,CRS086,Online,99.95
665,CRS085,Online,97.32
665,CRS064,Offline,73.21
665,CRS016,Offline,89.26
666,CRS033,Offline,71.03
666,CRS025,Online,61.68
666,CRS081,Offline,60.48
666,CRS030,Online,67.78
666,CRS015,Online,76.7
667,CRS082,Online,99.64
667,CRS075,Online,94.35
667,CRS037,Offline,89.09
668,CRS021,Offline,64.57
668,CRS039,Offline,92.47
668,CRS017,Offline,84.67
669,CRS098,Offline,85.26
669,CRS017,Offline,81.07
670,CRS051,Online,77.35
670,CRS069,Offline,73.13
670,CRS071,Offline,79.95
670,CRS021,Offline,62.05
670,CRS056,Offline,92.07
671,CRS028,Online,95.23
671,CRS036,Online,78.57
671,CRS043,Online,97.04
671,CRS098,Offline,76.51
672,CRS072,Online,66.5
672,CRS054,Offline,97.94
672,CRS036,Online,91.0
672,CRS012,Online,77.42
673,CRS023,Offline,97.5
673,CRS068,Online,72.32
673,CRS041,Offline,95.16
673,CRS006,Offline,97.11
674,CRS045,Offline,69.73
674,CRS086,Online,73.44
674,CRS095,Offline,83.74
674,CRS009,Online,64.03
675,CRS081,Offline,79.71
675,CRS002,Online,97.37
675,CRS007,Online,99.67
676,CRS020,Online,71.66
676,CRS013,Offline,87.15
676,CRS003,Offline,86.64
677,CRS011,Offline,64.0
677,CRS033,Online,99.53
677,CRS051,Online,92.86
678,CRS032,Online,70.69
678,CRS075,Offline,84.62
678,CRS095,Online,93.27
679,CRS029,Offline,66.3
679,CRS002,Online,79.86
679,CRS081,Online,87.56
679,CRS033,Online,75.74
680,CRS031,Offline,98.07
680,CRS085,Offline,71.75
680,CRS079,Offline,76.72
680,CRS036,Online,91.77
681,CRS016,Online,88.13
681,CRS013,Online,63.18
681,CRS003,Online,65.91
681,CRS020,Offline,65.04
682,CRS022,Online,88.75
682,CRS032,Offline,76.4
682,CRS073,Offline,97.5
682,CRS055,Online,95.82
682,CRS023,Online,74.57
683,CRS011,Online,93.64
683,CRS013,Offline,75.58
683,CRS005,Offline,78.54
683,CRS031,Offline,91.35
684,CRS075,Offline,98.32
684,CRS039,Online,60.3
684,CRS084,Online,98.17
684,CRS052,Offline,63.73
685,CRS020,Offline,98.28
685,CRS013,Online,88.83
685,CRS090,Offline,61.54
685,CRS086,Online,85.26
686,CRS055,Offline,90.86
686,CRS083,Online,68.44
686,CRS049,Offline,87.21
686,CRS024,Offline,81.23
686,CRS072,Online,77.4
687,CRS011,Offline,61.78
687,CRS082,Offline,60.72
687,CRS091,Online,78.98
687,CRS051,Offline,97.16
687,CRS094,Online,96.92
688,CRS022,Online,92.67
688,CRS057,Offline,75.79
688,CRS035,Online,81.23
688,CRS017,Online,68.87
688,CRS037,Offline,69.56
689,CRS020,Offline,81.41
689,CRS003,Offline,60.65
689,CRS091,Offline,90.76
690,CRS002,Online,94.21
690,CRS033,Offline,82.43
690,CRS007,Offline,67.09
690,CRS011,Online,60.57
690,CRS059,Offline,63.19
691,CRS015,Offline,66.76
691,CRS069,Offline,86.87
691,CRS005,Offline,66.47
691,CRS018,Offline,68.16
691,CRS074,Online,74.46
692,CRS061,Online,94.12
692,CRS001,Online,98.14
692,CRS064,Online,91.15
692,CRS077,Offline,98.61
693,CRS097,Online,80.02
693,CRS039,Offline,80.43
693,CRS026,Offline,86.72
694,CRS007,Offline,67.06
694,CRS044,Online,81.81
694,CRS066,Offline,89.01
694,CRS005,Online,99.68
695,CRS013,Online,79.15
695,CRS016,Offline,61.19
695,CRS003,Offline,91.71
696,CRS023,Online,84.84
696,CRS079,Offline,90.94
696,CRS097,Online,99.05
696,CRS085,Online,93.38
697,CRS084,Offline,67.96
697,CRS075,Online,61.46
697,CRS039,Online,60.15
697,CRS052,Offline,60.68
698,CRS059,Offline,94.48
698,CRS098,Online,65.36
698,CRS046,Online,83.79
698,CRS088,Online,83.72
698,CRS022,Offline,79.77
699,CRS059,Offline,69.84
699,CRS024,Offline,71.74
699,CRS006,Online,62.2
699,CRS051,Offline,86.59
699,CRS094,Online,87.84
700,CRS033,Online,99.01
700,CRS051,Offline,63.0
700,CRS059,Offline,89.55
700,CRS062,Offline,60.91
701,CRS052,Online,97.26
701,CRS032,Online,74.5
701,CRS095,Online,98.99
701,CRS005,Offline,72.73
702,CRS017,Online,69.26
702,CRS098,Offline,72.46
703,CRS080,Offline,64.02
703,CRS055,Offline,90.09
703,CRS097,Online,72.48
703,CRS093,Offline,63.72
703,CRS066,Offline,70.76
704,CRS015,Online,64.27
704,CRS011,Offline,61.7
704,CRS089,Offline,76.24
705,CRS033,Online,63.28
705,CRS025,Online,67.41
705,CRS063,Online,85.23
706,CRS026,Online,89.51
706,CRS012,Online,99.59
706,CRS083,Online,87.26
707,CRS089,Online,62.37
707,CRS053,Online,84.53
707,CRS078,Offline,67.7
707,CRS075,Offline,73.77
708,CRS081,Offline,69.96
708,CRS079,Online,88.28
708,CRS088,Offline,85.93
708,CRS063,Offline,60.06
709,CRS072,Online,83.06
709,CRS036,Online,98.69
709,CRS054,Online,65.3
710,CRS016,Online,89.25
710,CRS100,Offline,65.32
710,CRS044,Online,71.06
711,CRS093,Online,93.2
711,CRS032,Online,76.53
711,CRS064,Offline,68.25
712,CRS023,Offline,73.0
712,CRS010,Offline,75.15
712,CRS068,Offline,77.74
713,CRS031,Offline,67.52
713,CRS034,Online,79.6
713,CRS081,Offline,77.5
714,CRS005,Online,91.26
714,CRS075,Online,89.93
714,CRS032,Offline,68.15
714,CRS095,Online,95.25
715,CRS025,Offline,90.76
715,CRS097,Offline,91.43
715,CRS017,Online,83.46
716,CRS052,Offline,93.58
716,CRS050,Offline,70.79
716,CRS074,Offline,68.82
716,CRS040,Online,60.69
717,CRS083,Online,99.46
717,CRS026,Online,64.39
717,CRS099,Offline,80.88
718,CRS017,Offline,60.81
718,CRS044,Online,69.65
718,CRS081,Offline,70.08
718,CRS086,Online,90.31
718,CRS061,Online,85.1
719,CRS008,Offline,60.06
719,CRS035,Online,67.49
719,CRS090,Offline,88.84
719,CRS037,Offline,70.05
719,CRS062,Offline,83.45
720,CRS081,Offline,84.98
720,CRS092,Online,72.99
720,CRS033,Offline,74.28
720,CRS002,Online,81.3
720,CRS029,Offline,69.1
721,CRS006,Online,69.25
721,CRS083,Online,68.2
721,CRS099,Offline,81.4
721,CRS063,Online,64.1
721,CRS016,Offline,88.74
722,CRS038,Online,61.46
722,CRS098,Online,96.73
722,CRS036,Offline,64.81
723,CRS070,Offline,96.94
723,CRS057,Online,63.74
723,CRS020,Offline,91.64
723,CRS042,Online,61.77
724,CRS042,Online,91.83
724,CRS035,Offline,64.0
724,CRS070,Online,96.99
724,CRS020,Offline,60.0
724,CRS057,Offline,97.39
725,CRS095,Online,99.23
725,CRS026,Online,86.69
725,CRS001,Online,66.88
725,CRS076,Online,69.37
726,CRS026,Online,67.91
726,CRS045,Offline,78.43
726,CRS086,Offline,69.03
727,CRS002,Offline,85.09
727,CRS094,Offline,93.39
727,CRS029,Offline,66.16
728,CRS040,Online,66.86
728,CRS086,Online,81.32
728,CRS073,Offline,64.34
729,CRS030,Offline,64.34
729,CRS015,Online,87.99
729,CRS025,Online,70.65
730,CRS056,Offline,77.0
730,CRS045,Offline,71.17
730,CRS021,Offline,84.25
730,CRS051,Online,67.85
730,CRS071,Offline,75.02
731,CRS090,Online,96.03
731,CRS007,Online,89.48
731,CRS066,Online,82.4
731,CRS029,Offline,96.37
731,CRS005,Online,62.11
732,CRS073,Online,96.32
732,CRS023,Online,69.66
732,CRS076,Online,73.56
733,CRS005,Online,61.76
733,CRS018,Offline,94.01
733,CRS015,Online,65.59
733,CRS069,Online,87.95
733,CRS074,Online,80.72
734,CRS043,Offline,78.44
734,CRS011,Offline,99.71
734,CRS042,Offline,61.2
734,CRS064,Online,91.2
734,CRS089,Online,94.52
735,CRS008,Online,87.52
735,CRS012,Offline,98.12
735,CRS026,Online,77.56
735,CRS017,Offline,62.29
735,CRS087,Online,88.77
736,CRS026,Offline,90.1
736,CRS030,Offline,66.37
736,CRS065,Online,84.01
736,CRS012,Offline,71.49
737,CRS013,Online,72.56
737,CRS032,Offline,61.62
737,CRS098,Offline,78.69
737,CRS093,Online,83.97
737,CRS045,Online,86.48
738,CRS085,Offline,63.55
738,CRS047,Offline,81.2
738,CRS070,Offline,75.11
739,CRS019,Offline,80.47
739,CRS038,Offline,74.78
739,CRS094,Online,74.65
740,CRS099,Online,82.1
740,CRS063,Online,85.0
740,CRS026,Online,76.27
741,CRS063,Offline,91.46
741,CRS074,Online,90.89
741,CRS052,Online,65.03
742,CRS011,Offline,70.11
742,CRS002,Online,95.61
742,CRS059,Online,70.46
743,CRS049,Online,75.12
743,CRS026,Online,81.13
743,CRS082,Online,75.99
743,CRS028,Online,66.19
743,CRS025,Online,65.66
744,CRS065,Offline,76.31
744,CRS038,Online,60.83
744,CRS048,Offline,90.26
744,CRS026,Online,74.73
745,CRS088,Offline,98.43
745,CRS081,Offline,63.29
745,CRS079,Online,92.88
745,CRS023,Offline,97.82
745,CRS018,Offline,66.27
746,CRS038,Online,88.84
746,CRS026,Offline,73.6
746,CRS048,Online,71.75
746,CRS029,Online,86.75
747,CRS098,Offline,91.68
747,CRS017,Offline,80.52
748,CRS070,Offline,69.66
748,CRS003,Online,93.22
748,CRS021,Offline,73.26
748,CRS040,Online,78.63
748,CRS072,Online,86.95
749,CRS017,Online,68.19
749,CRS044,Online,68.36
749,CRS097,Offline,67.77
749,CRS086,Offline,83.48
750,CRS011,Online,63.78
750,CRS042,Offline,81.05
750,CRS019,Online,81.78
750,CRS015,Online,69.64
750,CRS099,Online,85.23
751,CRS057,Offline,85.76
751,CRS035,Online,61.57
751,CRS020,Offline,94.19
752,CRS005,Offline,63.81
752,CRS074,Offline,91.16
752,CRS018,Online,60.43
752,CRS015,Online,68.35
752,CRS069,Online,99.89
753,CRS093,Offline,64.48
753,CRS055,Online,93.5
753,CRS068,Online,69.78
754,CRS068,Offline,92.92
754,CRS076,Online,98.41
754,CRS096,Offline,96.67
754,CRS066,Online,75.67
755,CRS037,Online,92.34
755,CRS017,Offline,64.35
755,CRS001,Offline,69.03
755,CRS057,Offline,81.2
755,CRS088,Offline,93.52
756,CRS031,Online,84.26
756,CRS079,Online,62.94
756,CRS023,Offline,71.0
756,CRS085,Offline,76.73
756,CRS072,Online,70.21
757,CRS083,Online,80.79
757,CRS099,Offline,97.63
757,CRS016,Online,93.18
758,CRS026,Offline,77.41
758,CRS038,Online,80.77
758,CRS065,Online,64.66
758,CRS029,Online,77.06
758,CRS048,Online,97.55
759,CRS010,Offline,75.62
759,CRS064,Online,92.73
759,CRS019,Online,75.45
760,CRS085,Online,98.11
760,CRS028,Online,70.16
760,CRS036,Offline,74.23
760,CRS054,Offline,80.36
760,CRS098,Online,77.45
761,CRS057,Online,84.85
761,CRS070,Offline,71.62
761,CRS035,Online,64.63
762,CRS051,Online,73.7
762,CRS006,Online,79.08
762,CRS094,Online,76.3
762,CRS038,Online,69.35
763,CRS022,Offline,78.06
763,CRS004,Online,84.23
763,CRS056,Online,80.3
763,CRS045,Online,92.13
764,CRS016,Offline,83.32
764,CRS011,Online,76.11
764,CRS038,Offline,90.67
764,CRS018,Offline,94.78
765,CRS045,Online,81.41
765,CRS093,Offline,83.17
765,CRS010,Online,65.88
765,CRS098,Online,71.78
765,CRS032,Offline,82.78
766,CRS015,Online,93.57
766,CRS074,Online,71.78
766,CRS005,Online,91.05
767,CRS045,Offline,84.89
767,CRS062,Online,99.6
767,CRS066,Offline,66.2
767,CRS003,Online,78.29
768,CRS014,Offline,82.47
768,CRS055,Online,80.8
768,CRS065,Online,73.03
768,CRS040,Offline,86.01
769,CRS026,Online,95.89
769,CRS093,Offline,95.49
769,CRS003,Online,99.26
769,CRS080,Offline,73.65
769,CRS098,Online,76.25
770,CRS091,Online,91.34
770,CRS033,Offline,82.92
770,CRS062,Offline,76.28
770,CRS051,Online,96.94
771,CRS004,Offline,63.93
771,CRS081,Online,90.66
771,CRS080,Offline,82.86
772,CRS069,Offline,75.95
772,CRS036,Online,69.62
772,CRS079,Offline,93.99
773,CRS010,Online,60.04
773,CRS084,Offline,84.02
773,CRS075,Offline,62.5
773,CRS039,Online,64.67
774,CRS065,Online,92.57
774,CRS025,Offline,92.94
774,CRS014,Online,61.92
774,CRS040,Online,75.01
775,CRS040,Online,94.31
775,CRS019,Offline,62.17
775,CRS031,Offline,90.95
776,CRS100,Offline,85.08
776,CRS016,Online,89.2
776,CRS066,Online,85.5
776,CRS029,Offline,60.67
776,CRS090,Offline,77.63
777,CRS045,Online,89.04
777,CRS071,Offline,86.86
777,CRS013,Online,73.78
777,CRS010,Online,89.83
777,CRS036,Offline,89.0
778,CRS086,Online,90.76
778,CRS001,Offline,60.91
778,CRS009,Offline,62.69
778,CRS057,Online,67.94
779,CRS041,Offline,88.6
779,CRS022,Online,68.1
779,CRS056,Offline,64.35
779,CRS033,Online,78.57
780,CRS017,Online,84.12
780,CRS098,Online,75.19
781,CRS062,Offline,65.29
781,CRS046,Offline,81.84
781,CRS098,Offline,75.04
782,CRS029,Offline,72.28
782,CRS081,Online,89.04
782,CRS002,Online,94.58
783,CRS006,Online,98.92
783,CRS012,Online,77.25
783,CRS026,Offline,99.8
783,CRS016,Online,78.07
784,CRS066,Online,96.2
784,CRS055,Offline,86.69
784,CRS071,Online,96.61
784,CRS076,Online,60.56
784,CRS096,Online,85.56
785,CRS025,Offline,80.78
785,CRS006,Offline,66.86
785,CRS056,Offline,89.38
785,CRS021,Offline,91.38
786,CRS094,Online,95.07
786,CRS031,Online,81.74
786,CRS085,Offline,76.34
786,CRS053,Offline,69.16
786,CRS096,Offline,98.39
787,CRS055,Offline,87.23
787,CRS073,Online,78.14
787,CRS076,Online,76.11
788,CRS035,Online,74.6
788,CRS057,Online,75.04
788,CRS042,Online,63.37
788,CRS020,Online,67.22
789,CRS040,Offline,60.59
789,CRS072,Offline,81.56
789,CRS009,Offline,97.48
789,CRS003,Offline,76.2
789,CRS021,Online,89.3
790,CRS046,Offline,82.71
790,CRS011,Offline,90.2
790,CRS005,Online,82.3
790,CRS013,Offline,69.41
790,CRS031,Offline,91.33
791,CRS020,Offline,91.94
791,CRS090,Online,86.49
791,CRS013,Offline,99.0
792,CRS089,Online,71.93
792,CRS099,Offline,93.85
792,CRS022,Online,85.89
792,CRS064,Offline,73.87
792,CRS086,Offline,98.5
793,CRS087,Online,74.28
793,CRS088,Online,69.41
793,CRS079,Offline,77.9
794,CRS013,Offline,75.22
794,CRS091,Online,98.54
794,CRS003,Online,88.78
794,CRS020,Offline,79.8
795,CRS074,Offline,80.23
795,CRS063,Online,93.48
795,CRS052,Online,72.8
795,CRS040,Online,79.76
795,CRS093,Online,91.62
796,CRS075,Online,74.75
796,CRS089,Offline,95.32
796,CRS050,Offline,90.22
796,CRS053,Offline,75.24
796,CRS078,Offline,87.42
797,CRS002,Online,91.14
797,CRS094,Offline,94.1
797,CRS092,Offline,70.05
797,CRS081,Offline,78.43
797,CRS029,Offline,67.84
798,CRS032,Online,85.36
798,CRS013,Online,87.34
798,CRS011,Offline,91.58
798,CRS046,Online,94.65
799,CRS098,Offline,66.58
799,CRS028,Online,87.38
799,CRS036,Offline,67.46
800,CRS088,Online,98.75
800,CRS042,Online,76.15
800,CRS098,Online,94.73
800,CRS046,Online,73.73
801,CRS088,Online,82.4
801,CRS087,Offline,74.77
801,CRS063,Online,98.07
801,CRS018,Offline,80.76
801,CRS079,Offline,97.98
802,CRS044,Offline,92.99
802,CRS005,Online,60.3
802,CRS029,Offline,85.13
802,CRS010,Online,95.11
802,CRS016,Online,97.05
803,CRS082,Online,61.88
803,CRS094,Offline,83.28
803,CRS098,Offline,91.74
804,CRS033,Offline,63.53
804,CRS029,Offline,78.15
804,CRS081,Offline,93.1
805,CRS002,Offline,84.78
805,CRS029,Online,92.7
805,CRS092,Offline,89.11
806,CRS025,Online,60.64
806,CRS028,Offline,98.11
806,CRS080,Online,87.89
806,CRS093,Online,71.34
806,CRS026,Online,61.41
807,CRS023,Online,87.84
807,CRS075,Offline,82.46
807,CRS041,Online,90.31
807,CRS045,Online,70.87
808,CRS053,Offline,66.51
808,CRS089,Online,97.41
808,CRS075,Offline,76.64
809,CRS078,Offline,71.18
809,CRS085,Online,65.53
809,CRS025,Offline,80.41
809,CRS056,Offline,81.65
810,CRS061,Offline,91.5
810,CRS060,Offline,67.11
810,CRS055,Online,72.18
810,CRS013,Online,98.71
811,CRS069,Online,61.71
811,CRS025,Offline,74.9
811,CRS006,Online,83.45
811,CRS021,Online,62.91
811,CRS056,Online,65.25
812,CRS040,Online,60.22
812,CRS065,Offline,79.22
812,CRS014,Online,85.34
813,CRS085,Offline,72.13
813,CRS023,Offline,75.43
813,CRS063,Offline,65.76
813,CRS006,Online,76.92
814,CRS055,Online,74.65
814,CRS032,Online,96.77
814,CRS076,Offline,68.37
814,CRS022,Online,81.03
814,CRS073,Online,88.3
815,CRS023,Online,65.05
815,CRS041,Online,95.15
815,CRS068,Online,85.08
816,CRS041,Online,80.78
816,CRS022,Offline,70.5
816,CRS046,Online,68.16
816,CRS059,Offline,73.8
816,CRS088,Online,90.68
817,CRS095,Online,91.48
817,CRS009,Offline,79.2
817,CRS076,Offline,70.41
817,CRS045,Offline,82.48
818,CRS082,Online,73.02
818,CRS026,Online,80.44
818,CRS080,Offline,75.3
818,CRS025,Online,89.18
819,CRS005,Online,85.82
819,CRS010,Online,62.53
819,CRS044,Online,67.93
819,CRS016,Online,97.03
820,CRS037,Online,66.21
820,CRS076,Online,89.64
820,CRS008,Online,98.21
820,CRS090,Offline,91.98
820,CRS035,Online,85.61
821,CRS036,Online,95.87
821,CRS078,Offline,86.13
821,CRS010,Online,91.57
822,CRS048,Offline,64.89
822,CRS061,Offline,89.48
822,CRS064,Offline,68.75
822,CRS077,Offline,71.59
822,CRS001,Online,82.84
823,CRS099,Online,67.22
823,CRS016,Offline,84.14
823,CRS063,Offline,60.11
823,CRS026,Online,77.61
824,CRS003,Offline,90.39
824,CRS040,Offline,88.75
824,CRS021,Online,79.61
825,CRS019,Online,65.97
825,CRS051,Online,65.39
825,CRS059,Offline,75.89
825,CRS094,Online,81.92
826,CRS011,Offline,84.26
826,CRS082,Offline,80.74
826,CRS016,Offline,73.97
827,CRS040,Online,69.47
827,CRS070,Offline,96.97
827,CRS072,Online,68.08
828,CRS065,Online,92.59
828,CRS034,Offline,64.38
828,CRS081,Online,73.88
828,CRS067,Online,98.16
829,CRS049,Offline,86.56
829,CRS012,Online,72.11
829,CRS008,Offline,71.09
829,CRS017,Online,62.27
829,CRS097,Online,96.47
830,CRS066,Offline,63.72
830,CRS090,Online,65.81
830,CRS005,Online,85.33
830,CRS007,Online,64.62
830,CRS029,Online,64.72
831,CRS046,Online,64.61
831,CRS031,Online,64.64
831,CRS032,Offline,76.11
831,CRS011,Online,96.53
831,CRS005,Online,64.84
832,CRS003,Online,67.92
832,CRS025,Online,61.48
832,CRS016,Online,77.26
832,CRS019,Offline,68.34
832,CRS078,Online,86.41
833,CRS047,Offline,67.05
833,CRS069,Online,71.38
833,CRS021,Offline,85.01
833,CRS058,Online,96.88
834,CRS060,Online,83.85
834,CRS037,Offline,65.15
834,CRS013,Online,88.03
835,CRS037,Online,92.21
835,CRS055,Online,88.63
835,CRS001,Offline,65.13
835,CRS061,Offline,92.94
836,CRS019,Online,71.02
836,CRS043,Offline,97.41
836,CRS011,Offline,81.59
837,CRS033,Offline,97.66
837,CRS029,Online,61.03
837,CRS092,Offline,97.21
837,CRS002,Offline,64.92
838,CRS029,Online,66.65
838,CRS048,Online,77.72
838,CRS026,Online,77.25
838,CRS065,Online,76.49
838,CRS038,Online,65.06
839,CRS095,Offline,98.12
839,CRS009,Online,93.11
839,CRS026,Online,68.87
839,CRS086,Offline,61.3
840,CRS040,Offline,96.32
840,CRS020,Offline,98.26
840,CRS052,Offline,74.74
841,CRS093,Offline,74.88
841,CRS055,Offline,93.74
841,CRS068,Online,70.05
841,CRS076,Online,65.47
842,CRS075,Online,82.2
842,CRS068,Online,91.89
842,CRS006,Online,61.55
842,CRS085,Online,92.24
843,CRS072,Offline,90.54
843,CRS049,Online,79.56
843,CRS024,Offline,80.65
843,CRS083,Online,80.67
843,CRS055,Offline,77.91
844,CRS086,Offline,88.17
844,CRS013,Offline,63.38
844,CRS090,Online,76.34
845,CRS018,Online,73.29
845,CRS011,Online,92.52
845,CRS082,Offline,74.44
846,CRS056,Online,64.57
846,CRS025,Online,60.99
846,CRS019,Offline,67.27
846,CRS016,Offline,77.87
846,CRS078,Offline,83.85
847,CRS001,Online,73.35
847,CRS036,Online,84.28
847,CRS097,Online,92.9
847,CRS069,Offline,96.88
848,CRS033,Offline,83.41
848,CRS081,Online,93.23
848,CRS007,Offline,60.76
848,CRS002,Online,99.19
849,CRS020,Offline,85.07
849,CRS091,Online,90.2
849,CRS003,Online,62.02
849,CRS013,Offline,86.66
850,CRS051,Offline,83.42
850,CRS011,Online,92.82
850,CRS094,Offline,82.97
851,CRS011,Online,70.22
851,CRS005,Online,92.31
851,CRS013,Offline,85.86
851,CRS032,Offline,97.17
852,CRS093,Online,67.95
852,CRS080,Offline,87.41
852,CRS076,Offline,75.29
852,CRS064,Offline,64.08
853,CRS010,Offline,98.1
853,CRS023,Offline,79.2
853,CRS085,Offline,69.93
853,CRS041,Online,90.49
854,CRS039,Online,99.83
854,CRS084,Offline,92.28
854,CRS052,Online,88.46
854,CRS075,Offline,66.61
855,CRS098,Offline,62.04
855,CRS033,Offline,92.79
855,CRS011,Online,64.23
855,CRS038,Offline,62.2
856,CRS006,Offline,63.8
856,CRS056,Online,69.41
856,CRS069,Offline,96.03
857,CRS023,Offline,97.11
857,CRS079,Online,92.61
857,CRS015,Online,98.82
858,CRS016,Online,90.31
858,CRS099,Offline,97.87
858,CRS063,Offline,80.88
858,CRS012,Online,82.84
859,CRS097,Online,62.47
859,CRS072,Online,70.38
859,CRS036,Online,76.75
859,CRS001,Offline,78.93
860,CRS088,Offline,82.54
860,CRS023,Offline,83.83
860,CRS087,Online,90.58
861,CRS027,Offline,91.66
861,CRS033,Offline,82.39
861,CRS091,Online,78.53
861,CRS082,Offline,83.14
861,CRS059,Offline,86.58
862,CRS025,Offline,69.17
862,CRS008,Online,70.35
862,CRS049,Online,91.6
863,CRS002,Offline,95.98
863,CRS033,Online,67.08
863,CRS081,Offline,86.97
863,CRS094,Online,73.33
864,CRS067,Offline,67.27
864,CRS020,Online,95.39
864,CRS080,Offline,88.08
864,CRS034,Offline,93.4
865,CRS035,Offline,97.42
865,CRS061,Offline,61.02
865,CRS030,Offline,80.47
865,CRS076,Online,62.59
866,CRS048,Offline,65.69
866,CRS061,Offline,83.2
866,CRS001,Online,93.02
867,CRS063,Online,80.1
867,CRS081,Online,70.64
867,CRS087,Offline,81.31
867,CRS023,Online,84.56
868,CRS023,Online,99.62
868,CRS032,Offline,84.08
868,CRS055,Online,77.0
868,CRS076,Online,63.57
869,CRS032,Offline,86.45
869,CRS021,Online,99.94
869,CRS091,Online,88.59
870,CRS025,Offline,95.78
870,CRS016,Offline,67.46
870,CRS085,Online,61.75
871,CRS013,Offline,91.19
871,CRS032,Online,96.4
871,CRS005,Offline,96.26
871,CRS011,Offline,90.02
872,CRS031,Online,77.16
872,CRS065,Online,94.92
872,CRS004,Offline,70.94
872,CRS081,Offline,76.08
873,CRS081,Online,88.01
873,CRS094,Online,81.87
873,CRS002,Online,94.65
874,CRS095,Online,77.71
874,CRS040,Offline,80.68
874,CRS030,Online,91.49
874,CRS086,Offline,84.9
875,CRS067,Offline,84.66
875,CRS035,Online,87.96
875,CRS033,Offline,87.86
875,CRS061,Offline,72.46
876,CRS069,Offline,83.53
876,CRS051,Offline,92.14
876,CRS025,Online,64.43
876,CRS006,Online,88.9
876,CRS056,Online,62.34
877,CRS097,Online,74.05
877,CRS039,Online,78.98
877,CRS026,Offline,87.31
877,CRS021,Online,69.08
877,CRS030,Offline,68.29
878,CRS041,Online,64.0
878,CRS068,Offline,73.11
878,CRS063,Online,75.16
878,CRS075,Online,61.97
879,CRS091,Online,61.88
879,CRS016,Offline,99.95
879,CRS003,Offline,91.42
879,CRS013,Offline,77.25
879,CRS020,Offline,62.0
880,CRS064,Offline,72.59
880,CRS026,Offline,79.6
880,CRS016,Offline,73.6
880,CRS085,Online,82.85
881,CRS055,Offline,65.23
881,CRS049,Offline,70.32
881,CRS024,Offline,95.04
881,CRS083,Online,94.17
882,CRS078,Offline,62.17
882,CRS017,Offline,85.3
882,CRS014,Offline,69.16
883,CRS005,Online,64.74
883,CRS069,Online,71.76
883,CRS074,Offline,77.13
884,CRS069,Offline,84.53
884,CRS018,Offline,61.11
884,CRS015,Online,67.08
884,CRS005,Online,63.69
885,CRS056,Online,64.33
885,CRS062,Offline,79.25
885,CRS022,Offline,99.67
885,CRS088,Online,67.84
885,CRS098,Online,66.92
886,CRS030,Online,99.77
886,CRS045,Offline,91.7
886,CRS003,Online,85.54
886,CRS096,Offline,63.05
886,CRS018,Online,96.78
887,CRS049,Offline,73.69
887,CRS055,Offline,73.83
887,CRS024,Offline,94.66
888,CRS006,Offline,99.34
888,CRS045,Online,72.39
888,CRS051,Online,86.87
888,CRS025,Online,80.14
888,CRS021,Offline,74.48
889,CRS003,Offline,86.11
889,CRS098,Offline,86.09
889,CRS080,Offline,89.59
889,CRS026,Online,93.82
890,CRS016,Online,97.39
890,CRS085,Offline,71.42
890,CRS078,Offline,87.29
891,CRS016,Online,86.58
891,CRS025,Online,79.57
891,CRS078,Online,67.67
891,CRS066,Offline,87.4
891,CRS085,Online,95.91
892,CRS004,Offline,98.49
892,CRS084,Online,70.2
892,CRS052,Online,61.33
892,CRS056,Online,73.0
893,CRS093,Offline,93.91
893,CRS049,Offline,60.47
893,CRS074,Online,80.59
893,CRS052,Offline,77.62
893,CRS040,Offline,80.57
894,CRS059,Offline,70.16
894,CRS040,Offline,70.47
894,CRS009,Offline,62.14
895,CRS038,Online,78.01
895,CRS091,Online,60.62
895,CRS059,Offline,69.64
895,CRS027,Online,65.88
895,CRS098,Offline,98.41
896,CRS042,Online,72.24
896,CRS057,Offline,79.25
896,CRS070,Online,93.5
896,CRS035,Online,70.97
896,CRS020,Offline,87.24
897,CRS078,Offline,88.42
897,CRS053,Online,70.71
897,CRS050,Online,93.27
897,CRS092,Online,83.7
898,CRS093,Online,66.04
898,CRS050,Online,99.41
898,CRS040,Offline,61.2
899,CRS091,Online,88.47
899,CRS032,Online,66.71
899,CRS029,Online,61.79
900,CRS006,Online,95.56
900,CRS023,Online,62.52
900,CRS010,Offline,78.45
901,CRS010,Offline,64.87
901,CRS084,Online,92.71
901,CRS075,Online,74.91
901,CRS039,Online,71.55
902,CRS038,Online,83.59
902,CRS043,Online,91.45
902,CRS036,Offline,76.85
902,CRS054,Online,67.8
902,CRS028,Offline,76.35
903,CRS068,Online,89.33
903,CRS096,Online,78.28
903,CRS055,Offline,96.64
903,CRS032,Online,74.8
903,CRS080,Offline,97.74
904,CRS063,Online,96.12
904,CRS035,Online,77.44
904,CRS044,Offline,76.88
904,CRS015,Online,62.95
904,CRS034,Offline,96.65
905,CRS055,Online,92.31
905,CRS097,Offline,64.02
905,CRS064,Offline,90.9
905,CRS066,Offline,61.68
906,CRS011,Offline,81.93
906,CRS059,Offline,82.16
906,CRS091,Offline,81.37
906,CRS038,Offline,66.37
906,CRS082,Offline,91.4
907,CRS032,Online,78.9
907,CRS069,Offline,91.26
907,CRS052,Online,74.56
907,CRS047,Offline,92.11
907,CRS058,Offline,67.22
908,CRS016,Online,87.73
908,CRS056,Online,65.06
908,CRS025,Online,65.31
908,CRS066,Offline,78.18
909,CRS037,Online,90.44
909,CRS062,Offline,97.38
909,CRS008,Online,91.36
909,CRS090,Offline,73.42
909,CRS070,Offline,98.86
910,CRS043,Offline,88.24
910,CRS099,Online,79.53
910,CRS089,Offline,84.08
911,CRS023,Offline,63.68
911,CRS085,Offline,97.6
911,CRS030,Offline,70.65
912,CRS032,Online,77.97
912,CRS093,Offline,88.84
912,CRS098,Offline,70.66
913,CRS006,Offline,74.91
913,CRS051,Online,72.76
913,CRS024,Online,60.12
914,CRS025,Online,97.52
914,CRS021,Online,62.53
914,CRS071,Offline,68.78
914,CRS045,Offline,76.4
914,CRS006,Online,78.37
915,CRS033,Offline,99.68
915,CRS042,Online,96.78
915,CRS052,Offline,95.5
916,CRS008,Online,66.44
916,CRS097,Offline,88.68
916,CRS012,Online,63.6
916,CRS039,Offline,62.9
917,CRS037,Offline,97.72
917,CRS001,Online,63.66
917,CRS057,Offline,98.99
917,CRS088,Online,93.75
917,CRS053,Online,99.24
918,CRS006,Online,89.75
918,CRS040,Online,97.88
918,CRS009,Offline,62.13
918,CRS021,Online,67.98
918,CRS003,Online,78.5
919,CRS063,Offline,96.24
919,CRS006,Online,95.09
919,CRS075,Offline,82.47
919,CRS041,Offline,87.97
920,CRS092,Offline,83.72
920,CRS053,Online,94.61
920,CRS078,Offline,73.78
921,CRS051,Online,98.37
921,CRS090,Online,99.1
921,CRS060,Online,92.19
921,CRS013,Online,68.53
921,CRS020,Online,61.42
922,CRS003,Offline,68.87
922,CRS026,Online,62.75
922,CRS055,Offline,68.53
922,CRS080,Offline,77.51
923,CRS097,Online,76.23
923,CRS023,Offline,99.16
923,CRS044,Offline,61.56
923,CRS086,Offline,77.91
923,CRS061,Online,99.59
924,CRS013,Offline,98.71
924,CRS032,Offline,92.01
924,CRS011,Offline,96.85
924,CRS046,Offline,76.24
925,CRS019,Online,77.82
925,CRS031,Offline,97.08
925,CRS047,Online,75.74
926,CRS063,Offline,66.38
926,CRS085,Online,89.17
926,CRS006,Online,83.76
926,CRS023,Offline,96.09
927,CRS013,Offline,89.22
927,CRS090,Online,95.58
927,CRS060,Online,98.04
927,CRS051,Online,78.51
928,CRS078,Offline,88.17
928,CRS050,Offline,87.28
928,CRS089,Online,87.47
928,CRS092,Online,66.73
928,CRS053,Online,76.24
929,CRS074,Online,87.3
929,CRS094,Online,95.72
929,CRS031,Online,67.29
929,CRS047,Offline,91.4
929,CRS044,Offline,94.88
930,CRS003,Online,63.16
930,CRS009,Online,73.49
930,CRS059,Online,96.26
931,CRS056,Offline,61.28
931,CRS025,Offline,61.75
931,CRS066,Offline,64.0
931,CRS085,Offline,88.17
932,CRS033,Offline,88.33
932,CRS059,Offline,85.76
932,CRS002,Online,86.66
933,CRS003,Offline,98.3
933,CRS091,Online,98.79
933,CRS013,Online,68.13
934,CRS006,Online,95.13
934,CRS003,Offline,61.82
934,CRS027,Offline,62.58
934,CRS009,Offline,85.07
934,CRS072,Online,98.22
935,CRS040,Offline,87.44
935,CRS009,Offline,65.86
935,CRS072,Offline,75.52
935,CRS070,Online,62.37
935,CRS006,Offline,82.78
936,CRS001,Online,62.95
936,CRS095,Offline,88.69
936,CRS045,Offline,70.51
936,CRS057,Online,99.84
936,CRS086,Offline,87.78
937,CRS041,Offline,72.27
937,CRS084,Offline,94.48
937,CRS042,Online,60.11
938,CRS061,Offline,60.32
938,CRS097,Online,85.32
938,CRS023,Online,62.92
938,CRS044,Online,99.41
939,CRS027,Offline,64.23
939,CRS009,Offline,67.35
939,CRS059,Online,85.11
939,CRS006,Online,68.75
940,CRS013,Online,60.61
940,CRS046,Online,82.85
940,CRS005,Offline,93.56
941,CRS037,Offline,80.42
941,CRS022,Online,60.56
941,CRS001,Online,63.54
942,CRS048,Offline,95.86
942,CRS029,Offline,98.31
942,CRS026,Offline,73.36
942,CRS038,Offline,72.93
943,CRS025,Offline,66.7
943,CRS006,Online,69.24
943,CRS021,Online,76.76
943,CRS051,Online,91.89
943,CRS045,Online,78.3
944,CRS093,Offline,99.33
944,CRS026,Online,87.8
944,CRS025,Online,60.04
944,CRS098,Offline,64.58
945,CRS023,Online,77.26
945,CRS076,Online,63.96
945,CRS022,Online,62.7
945,CRS055,Online,80.89
946,CRS066,Offline,64.26
946,CRS003,Online,80.13
946,CRS030,Online,81.42
946,CRS096,Offline,82.01
947,CRS081,Offline,87.61
947,CRS059,Offline,66.7
947,CRS011,Online,75.27
948,CRS019,Offline,81.4
948,CRS041,Online,62.69
948,CRS069,Offline,84.35
948,CRS031,Online,80.34
948,CRS029,Offline,95.97
949,CRS098,Offline,94.65
949,CRS017,Online,99.82
950,CRS039,Online,62.16
950,CRS075,Online,84.6
950,CRS010,Online,85.01
951,CRS015,Offline,63.55
951,CRS074,Offline,79.49
951,CRS005,Offline,86.19
952,CRS010,Offline,98.96
952,CRS040,Offline,83.09
952,CRS036,Online,88.04
952,CRS006,Online,89.43
952,CRS017,Online,65.1
953,CRS032,Online,65.22
953,CRS005,Offline,79.92
953,CRS095,Online,87.82
953,CRS075,Online,69.75
953,CRS052,Online,61.66
954,CRS093,Offline,95.45
954,CRS040,Offline,70.14
954,CRS050,Online,60.12
955,CRS037,Offline,78.28
955,CRS060,Offline,75.92
955,CRS013,Online,84.44
956,CRS017,Online,86.07
956,CRS012,Online,76.63
956,CRS065,Online,78.79
957,CRS001,Online,64.77
957,CRS031,Online,70.55
957,CRS069,Offline,62.68
957,CRS072,Offline,75.68
958,CRS073,Online,76.79
958,CRS022,Online,80.04
958,CRS023,Offline,76.23
959,CRS052,Offline,69.35
959,CRS084,Offline,97.19
959,CRS041,Online,82.81
959,CRS004,Offline,74.48
960,CRS024,Offline,72.02
960,CRS051,Online,77.64
960,CRS094,Offline,75.66
961,CRS055,Online,82.7
961,CRS049,Offline,60.34
961,CRS083,Offline,66.69
962,CRS020,Online,77.35
962,CRS090,Online,63.54
962,CRS060,Online,70.23
963,CRS039,Offline,86.94
963,CRS052,Online,87.17
963,CRS075,Online,81.35
963,CRS084,Offline,97.97
964,CRS031,Online,88.97
964,CRS074,Online,86.32
964,CRS065,Offline,70.55
964,CRS053,Online,82.39
964,CRS026,Online,95.49
965,CRS057,Offline,81.27
965,CRS089,Online,69.82
965,CRS009,Online,97.97
965,CRS026,Online,92.36
965,CRS001,Online,63.1
966,CRS016,Offline,74.79
966,CRS020,Offline,91.13
966,CRS013,Offline,96.65
966,CRS003,Offline,79.98
966,CRS091,Offline,76.06
967,CRS090,Online,77.46
967,CRS051,Offline,99.65
967,CRS086,Offline,75.72
967,CRS013,Offline,98.49
967,CRS020,Online,77.24
968,CRS017,Offline,74.8
968,CRS002,Online,82.91
968,CRS096,Offline,80.32
968,CRS057,Offline,67.41
969,CRS040,Offline,75.88
969,CRS076,Offline,67.27
969,CRS082,Online,60.54
969,CRS095,Offline,65.47
970,CRS091,Offline,64.9
970,CRS021,Offline,62.11
970,CRS047,Offline,86.03
970,CRS069,Online,69.91
971,CRS075,Offline,95.45
971,CRS010,Online,88.74
971,CRS039,Online,78.11
972,CRS034,Online,61.2
972,CRS081,Online,79.83
972,CRS020,Offline,96.79
972,CRS004,Online,97.28
973,CRS052,Offline,72.73
973,CRS075,Online,74.51
973,CRS010,Offline,89.56
974,CRS080,Offline,70.68
974,CRS093,Offline,61.94
974,CRS082,Offline,67.76
975,CRS030,Offline,95.01
975,CRS082,Online,68.9
975,CRS086,Offline,78.51
976,CRS065,Offline,76.27
976,CRS048,Online,78.72
976,CRS029,Online,71.15
977,CRS086,Online,92.55
977,CRS017,Online,60.98
977,CRS044,Offline,73.02
978,CRS011,Online,89.18
978,CRS082,Online,72.37
978,CRS066,Offline,78.52
978,CRS012,Online,64.8
978,CRS018,Online,84.17
979,CRS086,Offline,81.16
979,CRS013,Online,79.78
979,CRS020,Online,96.34
980,CRS055,Offline,74.04
980,CRS064,Online,80.72
980,CRS071,Offline,67.04
981,CRS001,Online,73.76
981,CRS031,Offline,98.65
981,CRS069,Offline,93.09
981,CRS072,Online,96.38
981,CRS036,Online,66.76
982,CRS046,Online,60.06
982,CRS031,Offline,94.11
982,CRS011,Online,91.27
982,CRS013,Online,65.17
982,CRS005,Offline,77.07
983,CRS070,Online,82.05
983,CRS008,Offline,61.82
983,CRS062,Online,75.56
983,CRS090,Offline,91.52
983,CRS076,Online,90.58
984,CRS096,Online,63.95
984,CRS018,Offline,64.99
984,CRS045,Offline,63.99
985,CRS064,Online,98.55
985,CRS019,Offline,86.65
985,CRS099,Offline,96.92
985,CRS086,Offline,81.37
985,CRS015,Offline,91.17
986,CRS041,Online,65.81
986,CRS045,Online,99.29
986,CRS084,Online,65.67
986,CRS033,Online,96.79
987,CRS022,Offline,82.41
987,CRS076,Online,88.69
987,CRS032,Online,67.15
987,CRS023,Offline,76.2
987,CRS073,Offline,67.32
988,CRS032,Offline,69.69
988,CRS023,Offline,94.58
988,CRS076,Online,62.67
988,CRS055,Online,81.26
988,CRS022,Offline,75.87
989,CRS016,Offline,86.76
989,CRS006,Online,94.27
989,CRS012,Offline,90.89
989,CRS083,Offline,65.94
990,CRS035,Online,80.35
990,CRS090,Offline,86.56
990,CRS062,Online,82.84
990,CRS076,Offline,86.27
990,CRS070,Offline,62.53
991,CRS036,Offline,82.75
991,CRS066,Online,97.47
991,CRS011,Online,74.73
991,CRS016,Offline,99.09
991,CRS038,Offline,62.88
992,CRS076,Online,82.78
992,CRS032,Online,83.05
992,CRS073,Offline,83.7
992,CRS023,Online,83.64
992,CRS055,Offline,81.88
993,CRS031,Online,60.73
993,CRS004,Online,77.38
993,CRS034,Online,86.67
993,CRS081,Online,84.91
994,CRS079,Online,65.99
994,CRS023,Online,97.63
994,CRS030,Online,90.08
994,CRS056,Offline,96.24
994,CRS072,Offline,78.51
995,CRS075,Online,66.6
995,CRS095,Offline,95.73
995,CRS005,Online,63.2
995,CRS032,Online,65.27
995,CRS052,Offline,87.0
996,CRS074,Offline,85.95
996,CRS053,Offline,74.1
996,CRS093,Online,97.63
997,CRS065,Offline,73.15
997,CRS038,Online,61.24
997,CRS026,Offline,67.27
997,CRS048,Online,65.79
997,CRS029,Online,64.84
998,CRS070,Offline,79.45
998,CRS076,Offline,70.89
998,CRS008,Offline,82.52
999,CRS056,Online,65.61
999,CRS025,Offline,75.83
999,CRS003,Offline,81.79
999,CRS066,Offline,79.86
1000,CRS075,Offline,92.65
1000,CRS085,Offline,95.62
1000,CRS023,Offline,87.63
1000,CRS006,Online,70.28
1001,CRS003,Offline,72.59
1001,CRS098,Online,78.81
1001,CRS080,Online,83.55
1001,CRS025,Offline,99.0
1002,CRS068,Online,95.31
1002,CRS023,Offline,65.49
1002,CRS041,Offline,68.91
1002,CRS085,Online,61.98
1002,CRS006,Offline,83.74
1003,CRS022,Online,81.16
1003,CRS023,Offline,76.54
1003,CRS032,Online,77.06
1003,CRS073,Online,99.5
1003,CRS076,Offline,84.56
1004,CRS063,Offline,73.95
1004,CRS081,Offline,76.56
1004,CRS061,Offline,69.92
1004,CRS100,Offline,90.15
1004,CRS034,Offline,89.81
1005,CRS051,Online,75.82
1005,CRS069,Online,90.12
1005,CRS006,Online,93.35
1005,CRS025,Offline,71.03
1006,CRS075,Offline,60.69
1006,CRS053,Online,65.84
1006,CRS092,Online,83.73
1006,CRS089,Offline,65.13
1007,CRS044,Offline,63.99
1007,CRS076,Online,64.14
1007,CRS030,Online,99.91
1007,CRS063,Offline,65.16
1007,CRS067,Online,64.61
1008,CRS079,Offline,95.97
1008,CRS005,Offline,67.71
1008,CRS044,Offline,74.82
1008,CRS034,Offline,92.01
1009,CRS033,Online,61.72
1009,CRS004,Offline,82.67
1009,CRS022,Offline,75.26
1010,CRS025,Online,82.66
1010,CRS076,Online,65.66
1010,CRS063,Offline,64.27
1011,CRS018,Offline,94.57
1011,CRS066,Offline,67.61
1011,CRS016,Offline,85.12
1012,CRS005,Online,70.44
1012,CRS069,Offline,82.1
1012,CRS074,Online,70.37
1012,CRS018,Offline,75.86
1013,CRS035,Offline,61.92
1013,CRS008,Online,71.86
1013,CRS090,Online,67.62
1014,CRS049,Online,72.4
1014,CRS083,Offline,67.32
1014,CRS024,Offline,68.32
1014,CRS055,Online,60.75
1015,CRS057,Offline,91.26
1015,CRS070,Online,61.31
1015,CRS042,Offline,88.43
1016,CRS089,Online,66.12
1016,CRS075,Online,85.87
1016,CRS078,Offline,77.53
1017,CRS018,Online,72.08
1017,CRS079,Offline,62.34
1017,CRS063,Online,81.46
1017,CRS023,Offline,97.89
1018,CRS049,Offline,73.53
1018,CRS055,Offline,90.06
1018,CRS083,Online,67.96
1019,CRS032,Online,65.45
1019,CRS011,Online,73.21
1019,CRS046,Online,68.62
1020,CRS032,Online,70.15
1020,CRS015,Offline,77.64
1020,CRS091,Online,86.81
1021,CRS079,Offline,65.68
1021,CRS056,Offline,84.39
1021,CRS015,Offline,90.04
1021,CRS036,Offline,69.96
1022,CRS002,Online,62.24
1022,CRS007,Online,96.41
1022,CRS011,Offline,92.64
1022,CRS033,Online,69.4
1022,CRS059,Online,70.83
1023,CRS022,Offline,78.34
1023,CRS042,Online,63.63
1023,CRS056,Online,98.3
1024,CRS013,Offline,92.57
1024,CRS016,Offline,96.65
1024,CRS003,Offline,86.42
1024,CRS091,Offline,89.19
1024,CRS020,Online,93.27
1025,CRS093,Offline,64.23
1025,CRS059,Online,97.03
1025,CRS071,Online,75.45
1025,CRS032,Online,81.47
1026,CRS011,Online,67.2
1026,CRS031,Offline,83.95
1026,CRS046,Offline,75.41
1026,CRS032,Offline,88.5
1027,CRS087,Online,85.09
1027,CRS097,Offline,82.94
1027,CRS017,Online,91.78
1027,CRS021,Online,65.2
1027,CRS039,Online,99.17
1028,CRS080,Online,69.43
1028,CRS076,Offline,99.3
1028,CRS097,Offline,92.29
1029,CRS073,Offline,71.65
1029,CRS022,Online,91.92
1029,CRS076,Online,83.93
1029,CRS023,Offline,64.14
1029,CRS055,Offline,87.78
1030,CRS065,Online,79.76
1030,CRS038,Online,67.02
1030,CRS048,Offline,97.81
1031,CRS066,Online,66.54
1031,CRS064,Offline,94.29
1031,CRS096,Online,65.77
1031,CRS080,Offline,67.05
1031,CRS076,Offline,87.4
1032,CRS080,Online,87.69
1032,CRS034,Online,68.09
1032,CRS020,Offline,71.78
1032,CRS067,Offline,95.09
1033,CRS075,Offline,60.47
1033,CRS086,Offline,60.83
1033,CRS095,Online,60.41
1034,CRS079,Offline,67.58
1034,CRS072,Offline,79.87
1034,CRS001,Online,75.89
1034,CRS069,Online,66.4
1035,CRS056,Offline,96.85
1035,CRS045,Offline,72.76
1035,CRS021,Online,66.4
1035,CRS025,Offline,82.69
1035,CRS071,Online,76.73
1036,CRS034,Online,61.11
1036,CRS061,Offline,82.91
1036,CRS015,Online,66.04
1036,CRS025,Offline,64.68
1037,CRS064,Offline,72.63
1037,CRS048,Offline,69.3
1037,CRS001,Online,78.53
1037,CRS061,Online,85.83
1038,CRS057,Offline,75.08
1038,CRS026,Offline,86.53
1038,CRS001,Online,85.85
1039,CRS070,Online,86.19
1039,CRS008,Online,61.74
1039,CRS035,Online,88.17
1039,CRS090,Online,62.57
1039,CRS076,Online,67.07
1040,CRS037,Online,74.88
1040,CRS040,Offline,80.45
1040,CRS082,Online,88.45
1041,CRS037,Offline,99.66
1041,CRS076,Offline,95.75
1041,CRS062,Online,90.54
1041,CRS069,Online,81.23
1041,CRS070,Offline,82.25
1042,CRS069,Online,93.49
1042,CRS018,Online,61.7
1042,CRS015,Offline,67.11
1043,CRS098,Offline,69.78
1043,CRS017,Offline,80.83
1044,CRS072,Online,83.83
1044,CRS098,Online,68.71
1044,CRS036,Online,64.47
1044,CRS038,Online,88.59
1044,CRS085,Offline,92.35
1045,CRS015,Online,72.23
1045,CRS030,Online,61.82
1045,CRS025,Online,84.47
1046,CRS041,Online,63.6
1046,CRS022,Offline,66.14
1046,CRS033,Offline,83.53
1046,CRS045,Offline,83.01
1046,CRS084,Online,86.07
1047,CRS029,Online,95.01
1047,CRS026,Offline,76.39
1047,CRS038,Online,88.25
1047,CRS048,Online,60.22
1047,CRS065,Online,89.92
1048,CRS098,Offline,67.54
1048,CRS017,Online,60.15
1049,CRS003,Online,81.99
1049,CRS016,Online,97.41
1049,CRS091,Online,97.0
1049,CRS013,Online,86.4
1049,CRS020,Online,62.39
1050,CRS073,Offline,97.34
1050,CRS055,Online,67.09
1050,CRS023,Online,95.28
1050,CRS076,Offline,86.93
1051,CRS021,Online,80.23
1051,CRS060,Online,95.33
1051,CRS059,Offline,67.08
1052,CRS028,Offline,98.61
1052,CRS038,Online,60.03
1052,CRS085,Online,67.59
1052,CRS043,Online,68.05
1053,CRS076,Online,86.92
1053,CRS063,Online,73.97
1053,CRS025,Online,78.44
1054,CRS081,Offline,98.11
1054,CRS002,Offline,79.72
1054,CRS033,Online,86.03
1054,CRS007,Offline,90.22
1054,CRS059,Offline,93.02
1055,CRS006,Offline,69.89
1055,CRS010,Online,84.85
1055,CRS068,Offline,84.27
1056,CRS013,Online,74.09
1056,CRS093,Offline,83.18
1056,CRS045,Online,81.64
1056,CRS059,Offline,74.0
1057,CRS036,Online,88.06
1057,CRS012,Offline,74.75
1057,CRS054,Offline,81.35
1057,CRS072,Online,84.47
1058,CRS095,Offline,68.17
1058,CRS005,Online,73.74
1058,CRS075,Online,84.09
1058,CRS032,Offline,85.13
1059,CRS096,Online,83.17
1059,CRS045,Online,77.8
1059,CRS030,Offline,65.71
1060,CRS069,Offline,82.96
1060,CRS074,Offline,79.38
1060,CRS018,Online,82.13
1060,CRS015,Offline,72.28
1060,CRS005,Offline,70.2
1061,CRS069,Online,92.11
1061,CRS062,Offline,64.5
1061,CRS037,Offline,69.7
1061,CRS008,Offline,80.76
1062,CRS011,Offline,71.72
1062,CRS007,Online,70.61
1062,CRS033,Offline,60.4
1062,CRS081,Online,86.52
1062,CRS002,Offline,95.03
1063,CRS030,Offline,65.58
1063,CRS023,Offline,61.56
1063,CRS015,Offline,71.6
1063,CRS085,Online,60.72
1064,CRS019,Online,90.81
1064,CRS085,Online,82.25
1064,CRS056,Online,95.0
1064,CRS078,Online,73.2
1064,CRS066,Offline,86.67
1065,CRS081,Online,82.13
1065,CRS023,Offline,99.37
1065,CRS097,Online,60.58
1065,CRS061,Offline,91.53
1065,CRS086,Online,61.89
1066,CRS022,Offline,90.39
1066,CRS059,Offline,64.07
1066,CRS088,Offline,85.8
1067,CRS055,Online,82.32
1067,CRS080,Online,93.02
1067,CRS049,Offline,77.28
1068,CRS011,Online,81.23
1068,CRS091,Online,76.58
1068,CRS082,Online,61.25
1068,CRS098,Online,77.11
1068,CRS059,Online,61.9
1069,CRS014,Online,75.74
1069,CRS078,Offline,86.61
1069,CRS040,Offline,82.35
1069,CRS010,Offline,92.74
1070,CRS013,Online,91.5
1070,CRS016,Online,64.67
1070,CRS003,Offline,84.45
1070,CRS091,Offline,94.89
1071,CRS055,Online,97.56
1071,CRS080,Online,65.0
1071,CRS026,Online,73.27
1072,CRS051,Offline,79.96
1072,CRS045,Offline,96.03
1072,CRS006,Offline,81.65
1073,CRS094,Offline,73.05
1073,CRS024,Online,93.92
1073,CRS059,Online,81.38
1073,CRS019,Offline,60.24
1073,CRS051,Online,98.78
1074,CRS030,Online,66.65
1074,CRS066,Online,60.13
1074,CRS096,Online,75.78
1074,CRS018,Online,97.86
1075,CRS086,Online,85.33
1075,CRS061,Offline,79.79
1075,CRS023,Offline,90.9
1076,CRS070,Offline,82.17
1076,CRS035,Online,67.24
1076,CRS042,Offline,66.81
1076,CRS057,Offline,65.6
1076,CRS020,Offline,64.06
1077,CRS083,Offline,84.6
1077,CRS055,Offline,62.66
1077,CRS049,Offline,96.65
1078,CRS081,Online,70.33
1078,CRS067,Offline,72.29
1078,CRS005,Offline,69.21
1078,CRS034,Offline,85.55
1078,CRS033,Offline,90.9
1079,CRS090,Online,74.26
1079,CRS029,Offline,88.09
1079,CRS005,Offline,67.98
1079,CRS016,Offline,93.9
1080,CRS023,Online,68.89
1080,CRS017,Online,81.19
1080,CRS044,Offline,63.33
1080,CRS097,Online,87.54
1080,CRS061,Online,93.02
1081,CRS032,Online,92.48
1081,CRS011,Online,74.11
1081,CRS031,Online,79.2
1081,CRS005,Offline,67.85
1081,CRS046,Offline,93.09
1082,CRS007,Online,64.89
1082,CRS011,Offline,76.34
1082,CRS002,Online,97.06
1082,CRS081,Online,79.31
1083,CRS006,Offline,87.42
1083,CRS099,Online,71.7
1083,CRS063,Offline,79.86
1083,CRS083,Offline,77.71
1083,CRS012,Offline,97.34
1084,CRS031,Online,92.55
1084,CRS032,Online,83.51
1084,CRS005,Offline,95.55
1084,CRS011,Offline,70.48
1084,CRS046,Offline,62.11
1085,CRS077,Online,81.29
1085,CRS099,Offline,79.19
1085,CRS010,Online,81.25
1085,CRS086,Online,93.31
1085,CRS011,Offline,66.55
1086,CRS026,Offline,96.18
1086,CRS064,Online,86.02
1086,CRS065,Offline,71.08
1086,CRS053,Offline,84.77
1086,CRS070,Offline,83.31
1087,CRS010,Offline,85.4
1087,CRS036,Offline,90.17
1087,CRS014,Online,97.82
1087,CRS017,Online,93.7
1088,CRS010,Offline,89.81
1088,CRS078,Offline,89.25
1088,CRS006,Online,92.8
1089,CRS089,Offline,95.95
1089,CRS092,Offline,60.58
1089,CRS053,Offline,90.02
1089,CRS075,Offline,96.64
1090,CRS011,Offline,79.85
1090,CRS002,Online,80.92
1090,CRS081,Offline,99.28
1090,CRS059,Online,63.32
1091,CRS064,Offline,93.96
1091,CRS096,Online,91.01
1091,CRS032,Online,84.39
1091,CRS097,Offline,93.37
1091,CRS068,Online,71.0
1092,CRS074,Online,77.81
1092,CRS005,Online,74.82
1092,CRS069,Online,82.41
1092,CRS018,Offline,96.98
1093,CRS030,Offline,89.78
1093,CRS100,Online,90.18
1093,CRS079,Offline,98.45
1093,CRS034,Online,90.75
1093,CRS015,Offline,67.81
1094,CRS071,Online,83.03
1094,CRS010,Online,60.42
1094,CRS059,Online,94.11
1094,CRS098,Offline,72.29
1094,CRS093,Offline,73.98
1095,CRS064,Online,87.6
1095,CRS001,Offline,93.05
1095,CRS061,Online,94.22
1096,CRS006,Online,71.97
1096,CRS078,Offline,68.26
1096,CRS014,Online,96.23
1096,CRS036,Offline,68.23
1096,CRS040,Offline,65.59
1097,CRS002,Offline,82.73
1097,CRS022,Online,74.13
1097,CRS037,Online,88.17
1097,CRS035,Offline,81.78
1098,CRS020,Offline,86.63
1098,CRS042,Online,86.03
1098,CRS057,Offline,92.82
1098,CRS035,Online,83.39
1099,CRS019,Offline,71.61
1099,CRS024,Offline,98.26
1099,CRS059,Online,86.4
1099,CRS006,Online,78.86
1099,CRS038,Online,78.28
1100,CRS094,Offline,76.39
1100,CRS080,Offline,96.56
1100,CRS081,Offline,67.08
1101,CRS055,Online,92.68
1101,CRS032,Offline,63.06
1101,CRS073,Online,84.94
1102,CRS075,Offline,76.38
1102,CRS063,Offline,61.71
1102,CRS085,Offline,98.53
1102,CRS010,Online,67.56
1102,CRS023,Online,65.41
1103,CRS006,Offline,76.79
1103,CRS045,Offline,65.37
1103,CRS010,Online,70.53
1104,CRS057,Online,83.68
1104,CRS089,Online,97.06
1104,CRS001,Offline,83.01
1104,CRS095,Online,76.74
1105,CRS030,Online,66.93
1105,CRS066,Offline,97.54
1105,CRS062,Offline,90.61
1105,CRS003,Offline,90.18
1106,CRS007,Offline,65.43
1106,CRS016,Offline,64.93
1106,CRS066,Offline,95.53
1106,CRS010,Online,85.67
1107,CRS093,Online,90.3
1107,CRS098,Offline,91.03
1107,CRS025,Online,68.12
1107,CRS080,Online,83.63
1108,CRS020,Offline,98.47
1108,CRS057,Online,89.29
1108,CRS070,Online,76.19
1108,CRS035,Offline,77.98
1108,CRS042,Offline,63.77
1109,CRS010,Offline,67.72
1109,CRS077,Offline,98.77
1109,CRS099,Online,81.8
1109,CRS089,Offline,65.33
1109,CRS011,Offline,91.5
1110,CRS069,Online,94.49
1110,CRS008,Online,95.78
1110,CRS070,Online,88.97
1111,CRS079,Offline,90.32
1111,CRS089,Online,60.79
1111,CRS030,Offline,87.58
1111,CRS015,Offline,63.99
1112,CRS031,Online,93.61
1112,CRS069,Online,62.38
1112,CRS047,Offline,88.58
1113,CRS007,Offline,61.13
1113,CRS010,Offline,66.04
1113,CRS100,Offline,99.32
1113,CRS090,Offline,68.19
1114,CRS018,Offline,91.74
1114,CRS005,Online,71.58
1114,CRS015,Offline,93.3
1115,CRS013,Online,61.42
1115,CRS091,Offline,75.3
1115,CRS020,Offline,63.97
1115,CRS003,Offline,68.6
1115,CRS016,Offline,60.48
1116,CRS055,Online,91.16
1116,CRS065,Online,83.78
1116,CRS040,Online,75.64
1116,CRS014,Offline,88.86
1116,CRS025,Online,82.85
1117,CRS071,Online,60.4
1117,CRS080,Offline,79.03
1117,CRS093,Offline,61.2
1118,CRS055,Offline,98.21
1118,CRS013,Online,61.04
1118,CRS060,Offline,68.65
1119,CRS017,Online,86.17
1119,CRS098,Online,66.41
1120,CRS039,Online,89.73
1120,CRS075,Offline,95.38
1120,CRS052,Offline,79.82
1121,CRS010,Offline,94.81
1121,CRS084,Offline,89.74
1121,CRS039,Online,99.95
1122,CRS091,Offline,93.37
1122,CRS029,Offline,70.27
1122,CRS021,Online,76.28
1123,CRS017,Offline,94.27
1123,CRS098,Online,67.35
1124,CRS006,Online,65.76
1124,CRS040,Online,68.59
1124,CRS017,Offline,90.21
1125,CRS004,Offline,91.91
1125,CRS065,Offline,95.33
1125,CRS031,Offline,84.68
1126,CRS035,Offline,72.63
1126,CRS057,Online,96.92
1126,CRS042,Offline,76.36
1127,CRS082,Online,70.81
1127,CRS094,Offline,93.09
1127,CRS051,Offline,83.37
1127,CRS011,Offline,64.48
1127,CRS059,Online,65.26
1128,CRS096,Online,66.83
1128,CRS002,Offline,81.62
1128,CRS037,Offline,99.73
1129,CRS052,Offline,65.08
1129,CRS075,Offline,75.17
1129,CRS032,Online,96.31
1129,CRS095,Offline,72.48
1129,CRS005,Offline,60.95
1130,CRS015,Online,79.63
1130,CRS069,Online,63.43
1130,CRS018,Offline,61.74
1130,CRS005,Offline,82.85
1130,CRS074,Online,75.72
1131,CRS015,Offline,80.39
1131,CRS074,Offline,77.96
1131,CRS069,Online,80.17
1131,CRS005,Online,68.96
1131,CRS018,Offline,72.74
1132,CRS011,Online,99.91
1132,CRS046,Online,89.74
1132,CRS005,Offline,87.45
1132,CRS031,Online,94.65
1133,CRS056,Online,62.44
1133,CRS006,Online,81.94
1133,CRS021,Offline,69.95
1133,CRS071,Offline,89.75
1134,CRS055,Online,60.13
1134,CRS013,Online,64.85
1134,CRS001,Online,76.25
1134,CRS037,Online,60.93
1135,CRS026,Online,65.55
1135,CRS063,Offline,68.06
1135,CRS012,Offline,89.69
1136,CRS091,Online,81.67
1136,CRS020,Offline,72.01
1136,CRS016,Online,97.71
1136,CRS003,Offline,79.2
1136,CRS013,Offline,75.54
1137,CRS003,Offline,87.37
1137,CRS096,Online,77.38
1137,CRS062,Online,88.92
1138,CRS081,Online,72.73
1138,CRS020,Offline,87.77
1138,CRS004,Offline,80.05
1139,CRS045,Online,62.74
1139,CRS032,Online,72.96
1139,CRS010,Online,71.11
1139,CRS013,Offline,61.2
1139,CRS093,Offline,75.0
1140,CRS064,Offline,77.28
1140,CRS044,Online,88.64
1140,CRS065,Online,62.34
1140,CRS074,Online,70.68
1140,CRS094,Online,92.4
1141,CRS060,Offline,83.86
1141,CRS001,Offline,98.73
1141,CRS013,Online,98.44
1141,CRS061,Offline,65.63
1141,CRS037,Offline,80.03
1142,CRS020,Offline,96.19
1142,CRS016,Offline,69.1
1142,CRS091,Offline,85.49
1143,CRS059,Online,73.78
1143,CRS027,Offline,60.7
1143,CRS009,Offline,63.49
1144,CRS001,Online,81.96
1144,CRS060,Offline,97.53
1144,CRS013,Online,91.45
1144,CRS037,Offline,73.84
1144,CRS055,Online,71.47
1145,CRS040,Online,68.76
1145,CRS020,Offline,77.06
1145,CRS074,Online,62.15
1145,CRS050,Online,82.46
1146,CRS017,Online,61.18
1146,CRS098,Online,68.02
1147,CRS049,Offline,62.75
1147,CRS087,Online,65.0
1147,CRS065,Offline,97.86
1148,CRS059,Offline,90.06
1148,CRS010,Online,98.23
1148,CRS036,Offline,72.48
1148,CRS098,Online,98.83
1148,CRS071,Offline,86.2
1149,CRS020,Offline,75.31
1149,CRS091,Online,64.28
1149,CRS003,Online,73.32
1150,CRS068,Offline,79.67
1150,CRS076,Online,70.38
1150,CRS064,Offline,82.33
1151,CRS014,Online,97.61
1151,CRS055,Online,89.98
1151,CRS025,Online,93.04
1151,CRS065,Online,75.77
1152,CRS088,Offline,97.4
1152,CRS053,Offline,98.11
1152,CRS096,Online,71.04
1153,CRS077,Offline,80.43
1153,CRS043,Offline,91.6
1153,CRS042,Offline,78.93
1154,CRS017,Offline,60.6
1154,CRS001,Offline,99.0
1154,CRS022,Online,92.25
1155,CRS081,Online,65.02
1155,CRS097,Offline,94.56
1155,CRS061,Online,72.3
1155,CRS044,Offline,89.04
1156,CRS069,Online,73.45
1156,CRS051,Offline,93.74
1156,CRS021,Offline,66.55
1156,CRS006,Offline,82.99
1156,CRS056,Online,60.69
1157,CRS061,Online,64.04
1157,CRS077,Offline,90.96
1157,CRS064,Online,81.25
1157,CRS001,Offline,69.96
1158,CRS079,Offline,80.02
1158,CRS023,Online,88.96
1158,CRS063,Offline,83.47
1158,CRS087,Offline,81.47
1158,CRS088,Offline,76.21
1159,CRS070,Online,99.72
1159,CRS076,Online,63.64
1159,CRS008,Offline,72.44
1160,CRS097,Online,64.74
1160,CRS066,Offline,62.04
1160,CRS055,Offline,60.17
1160,CRS061,Online,79.87
1160,CRS064,Online,88.54
1161,CRS076,Online,99.98
1161,CRS008,Online,64.2
1161,CRS090,Offline,82.03
1161,CRS035,Online,63.21
1161,CRS069,Offline,61.3
1162,CRS046,Online,69.63
1162,CRS056,Offline,89.9
1162,CRS098,Offline,90.48
1163,CRS031,Online,90.42
1163,CRS005,Offline,87.35
1163,CRS032,Online,88.87
1163,CRS013,Offline,63.94
1163,CRS011,Offline,93.82
1164,CRS017,Online,63.08
1164,CRS036,Offline,73.63
1164,CRS014,Offline,81.2
1164,CRS040,Online,60.91
1164,CRS006,Online,82.32
1165,CRS094,Online,91.18
1165,CRS038,Online,88.6
1165,CRS051,Offline,64.48
1165,CRS006,Offline,64.23
1165,CRS019,Online,82.1
1166,CRS017,Online,87.07
1166,CRS081,Offline,70.05
1166,CRS061,Offline,91.0
1166,CRS023,Online,79.41
1166,CRS097,Online,61.61
1167,CRS091,Offline,81.88
1167,CRS027,Offline,91.38
1167,CRS011,Offline,94.69
1167,CRS033,Online,60.59
1168,CRS035,Online,95.05
1168,CRS096,Online,66.49
1168,CRS022,Online,75.63
1168,CRS053,Online,91.57
1168,CRS002,Offline,84.1
1169,CRS095,Offline,86.66
1169,CRS052,Online,75.56
1169,CRS032,Offline,87.29
1169,CRS075,Offline,62.65
1170,CRS021,Online,72.87
1170,CRS071,Online,93.55
1170,CRS051,Offline,92.94
1170,CRS025,Offline,62.91
1170,CRS069,Offline,97.11
1171,CRS025,Offline,95.71
1171,CRS040,Online,71.28
1171,CRS014,Online,88.11
1172,CRS035,Offline,81.67
1172,CRS069,Offline,80.14
1172,CRS076,Online,60.94
1172,CRS090,Offline,96.51
1172,CRS070,Offline,84.03
1173,CRS003,Online,65.89
1173,CRS016,Offline,96.46
1173,CRS091,Offline,79.05
1174,CRS093,Online,69.24
1174,CRS080,Offline,69.31
1174,CRS049,Online,63.74
1174,CRS028,Offline,60.68
1175,CRS088,Offline,70.38
1175,CRS063,Online,79.62
1175,CRS079,Offline,94.22
1176,CRS014,Offline,72.84
1176,CRS017,Online,65.47
1176,CRS010,Online,96.23
1177,CRS041,Online,83.69
1177,CRS047,Offline,80.27
1177,CRS019,Offline,74.49
1177,CRS029,Online,75.06
1178,CRS006,Online,89.37
1178,CRS083,Online,66.14
1178,CRS063,Offline,77.41
1178,CRS026,Offline,90.87
1178,CRS099,Offline,90.93
1179,CRS011,Offline,64.07
1179,CRS005,Offline,68.14
1179,CRS013,Offline,64.9
1179,CRS032,Offline,92.22
1180,CRS074,Online,63.91
1180,CRS050,Offline,72.28
1180,CRS093,Online,81.2
1180,CRS053,Online,95.55
1180,CRS020,Offline,92.85
1181,CRS036,Offline,61.99
1181,CRS014,Online,73.29
1181,CRS017,Offline,87.41
1181,CRS010,Offline,99.25
1182,CRS020,Offline,76.66
1182,CRS086,Offline,65.44
1182,CRS051,Offline,86.11
1182,CRS013,Offline,87.33
1183,CRS088,Online,97.72
1183,CRS041,Online,89.07
1183,CRS062,Offline,79.04
1184,CRS018,Offline,88.88
1184,CRS030,Offline,84.3
1184,CRS062,Offline,95.84
1184,CRS096,Online,91.89
1184,CRS003,Offline,83.65
1185,CRS016,Offline,91.21
1185,CRS011,Online,70.39
1185,CRS038,Offline,91.53
1186,CRS088,Offline,89.69
1186,CRS017,Offline,83.85
1186,CRS057,Offline,77.16
1186,CRS002,Offline,91.06
1186,CRS035,Offline,67.67
1187,CRS041,Offline,79.99
1187,CRS033,Offline,73.77
1187,CRS047,Online,77.45
1187,CRS019,Online,83.47
1187,CRS069,Online,69.65
1188,CRS013,Offline,89.98
1188,CRS011,Online,78.22
1188,CRS032,Online,67.21
1188,CRS031,Online,67.02
1188,CRS005,Online,79.29
1189,CRS002,Offline,77.04
1189,CRS057,Online,98.75
1189,CRS037,Online,76.92
1190,CRS033,Online,71.56
1190,CRS029,Offline,83.08
1190,CRS094,Online,61.3
1191,CRS006,Online,68.29
1191,CRS038,Online,67.49
1191,CRS051,Online,89.88
1192,CRS079,Online,87.14
1192,CRS061,Offline,79.82
1192,CRS005,Online,62.42
1192,CRS015,Online,94.73
1192,CRS033,Offline,78.58
1193,CRS049,Online,77.83
1193,CRS024,Online,95.53
1193,CRS083,Online,97.65
1194,CRS018,Offline,67.34
1194,CRS082,Offline,75.07
1194,CRS012,Online,94.11
1194,CRS066,Offline,66.4
1195,CRS075,Online,98.32
1195,CRS084,Online,89.66
1195,CRS010,Offline,70.4
1195,CRS052,Online,95.24
1196,CRS076,Online,65.09
1196,CRS073,Online,99.65
1196,CRS032,Offline,67.21
1196,CRS022,Online,66.4
1196,CRS055,Online,92.89
1197,CRS056,Offline,62.38
1197,CRS015,Offline,88.74
1197,CRS054,Offline,75.81
1198,CRS032,Offline,74.24
1198,CRS093,Online,83.52
1198,CRS071,Offline,84.94
1198,CRS013,Offline,60.94
1199,CRS010,Online,76.75
1199,CRS064,Offline,99.75
1199,CRS089,Offline,93.86
1199,CRS042,Online,66.79
1199,CRS022,Online,86.6
1200,CRS063,Online,66.64
1200,CRS012,Online,96.16
1200,CRS099,Offline,95.28
1201,CRS008,Online,83.39
1201,CRS037,Online,95.95
1201,CRS076,Offline,98.28
1202,CRS041,Online,69.79
1202,CRS033,Online,61.63
1202,CRS004,Offline,96.23
1203,CRS037,Online,99.57
1203,CRS001,Offline,73.14
1203,CRS060,Online,69.04
1203,CRS061,Offline,83.24
1204,CRS085,Online,67.71
1204,CRS054,Online,71.78
1204,CRS036,Online,75.76
1204,CRS089,Online,83.68
1204,CRS023,Online,60.29
1205,CRS006,Online,64.9
1205,CRS063,Offline,90.11
1205,CRS045,Online,66.47
1205,CRS075,Online,77.77
1205,CRS068,Offline,90.05
1206,CRS056,Online,98.06
1206,CRS069,Online,65.71
1206,CRS051,Offline,76.06
1206,CRS071,Online,79.24
1207,CRS098,Online,96.26
1207,CRS055,Offline,67.29
1207,CRS049,Offline,85.64
1207,CRS025,Online,96.07
1208,CRS093,Online,75.82
1208,CRS055,Online,88.12
1208,CRS097,Online,79.26
1208,CRS061,Online,88.9
1209,CRS068,Offline,66.05
1209,CRS045,Offline,70.07
1209,CRS041,Online,95.89
1210,CRS012,Offline,92.35
1210,CRS072,Online,61.06
1210,CRS098,Online,86.39
1211,CRS064,Online,67.64
1211,CRS047,Online,62.51
1211,CRS086,Online,94.4
1211,CRS026,Offline,60.4
1211,CRS044,Online,70.84
1212,CRS023,Offline,69.51
1212,CRS010,Online,80.7
1212,CRS045,Offline,79.4
1212,CRS063,Offline,85.51
1212,CRS006,Offline,78.65
1213,CRS053,Online,66.13
1213,CRS052,Online,80.07
1213,CRS063,Online,88.33
1214,CRS070,Online,89.44
1214,CRS090,Online,72.1
1214,CRS069,Offline,79.71
1214,CRS008,Offline,79.71
1215,CRS033,Offline,74.17
1215,CRS029,Offline,94.9
1215,CRS047,Online,66.64
1215,CRS041,Offline,88.66
1216,CRS016,Offline,85.46
1216,CRS026,Offline,89.41
1216,CRS099,Online,93.18
1216,CRS006,Online,98.91
1216,CRS063,Offline,87.98
1217,CRS082,Offline,75.92
1217,CRS033,Online,86.34
1217,CRS062,Online,74.5
1217,CRS094,Online,94.49
1217,CRS011,Offline,89.48
1218,CRS058,Online,66.9
1218,CRS016,Offline,60.34
1218,CRS036,Online,81.33
1219,CRS072,Online,82.1
1219,CRS030,Online,83.56
1219,CRS054,Offline,95.23
1219,CRS036,Online,63.63
1220,CRS019,Online,71.5
1220,CRS016,Online,83.76
1220,CRS085,Online,84.22
1221,CRS076,Online,76.4
1221,CRS062,Online,70.49
1221,CRS035,Offline,93.12
1221,CRS090,Online,98.51
1221,CRS008,Offline,77.21
1222,CRS003,Online,60.75
1222,CRS020,Online,84.58
1222,CRS013,Online,89.49
1223,CRS065,Offline,90.52
1223,CRS025,Online,65.38
1223,CRS014,Offline,93.45
1224,CRS010,Online,87.79
1224,CRS041,Offline,98.6
1224,CRS075,Online,78.46
1225,CRS005,Online,96.94
1225,CRS018,Offline,93.24
1225,CRS015,Online,78.96
1225,CRS069,Offline,94.81
1225,CRS074,Offline,71.26
1226,CRS092,Online,78.52
1226,CRS033,Online,70.86
1226,CRS002,Online,77.79
1226,CRS081,Offline,86.36
1226,CRS029,Online,86.93
1227,CRS034,Online,85.72
1227,CRS080,Offline,71.32
1227,CRS004,Online,98.6
1228,CRS023,Offline,71.04
1228,CRS097,Offline,64.65
1228,CRS017,Online,78.39
1228,CRS061,Offline,78.79
1229,CRS100,Online,76.88
1229,CRS044,Online,91.6
1229,CRS016,Offline,67.2
1229,CRS066,Online,92.75
1230,CRS005,Online,80.46
1230,CRS075,Offline,60.79
1230,CRS032,Online,93.44
1230,CRS052,Offline,84.79
1231,CRS022,Online,95.29
1231,CRS017,Offline,82.41
1231,CRS035,Offline,72.31
1231,CRS037,Offline,63.11
1231,CRS002,Offline,66.73
1232,CRS013,Offline,82.9
1232,CRS031,Offline,82.81
1232,CRS046,Online,66.62
1232,CRS005,Offline,90.91
1233,CRS029,Online,71.23
1233,CRS048,Offline,66.92
1233,CRS026,Offline,89.36
1233,CRS065,Offline,62.53
1234,CRS001,Offline,85.03
1234,CRS037,Offline,79.27
1234,CRS022,Offline,66.98
1235,CRS054,Online,93.41
1235,CRS036,Online,83.26
1235,CRS056,Online,79.08
1235,CRS072,Online,70.47
1236,CRS030,Offline,89.48
1236,CRS075,Offline,68.89
1236,CRS073,Offline,71.03
1236,CRS076,Offline,62.05
1237,CRS072,Offline,70.26
1237,CRS024,Offline,93.96
1237,CRS055,Online,87.18
1237,CRS049,Offline,90.2
1237,CRS083,Offline,82.14
1238,CRS053,Online,80.78
1238,CRS052,Online,97.54
1238,CRS093,Online,78.11
1239,CRS007,Offline,61.64
1239,CRS059,Offline,85.99
1239,CRS002,Offline,60.82
1239,CRS033,Online,74.53
1239,CRS081,Offline,61.33
1240,CRS064,Offline,96.59
1240,CRS097,Online,68.45
1240,CRS076,Offline,79.32
1241,CRS046,Offline,88.03
1241,CRS022,Online,81.92
1241,CRS062,Online,67.32
1241,CRS098,Online,76.83
1242,CRS091,Online,90.84
1242,CRS047,Offline,80.32
1242,CRS021,Offline,73.16
1242,CRS069,Offline,87.05
1243,CRS047,Offline,68.17
1243,CRS033,Online,87.86
1243,CRS029,Offline,99.5
1244,CRS092,Online,93.75
1244,CRS075,Offline,82.84
1244,CRS089,Online,93.14
1245,CRS055,Offline,87.31
1245,CRS014,Offline,61.19
1245,CRS025,Offline,68.24
1245,CRS040,Online,90.5
1245,CRS065,Offline,90.52
1246,CRS012,Online,90.67
1246,CRS085,Online,86.92
1246,CRS028,Online,79.62
1246,CRS043,Online,76.75
1246,CRS054,Offline,98.63
1247,CRS056,Offline,89.5
1247,CRS096,Online,81.36
1247,CRS021,Offline,84.43
1248,CRS078,Online,61.21
1248,CRS056,Online,98.9
1248,CRS019,Online,86.98
1249,CRS056,Online,71.29
1249,CRS054,Offline,77.99
1249,CRS015,Offline,83.95
1250,CRS083,Offline,67.59
1250,CRS055,Offline,70.34
1250,CRS072,Online,98.34
1251,CRS021,Online,92.47
1251,CRS042,Online,91.31
1251,CRS087,Online,78.64
1251,CRS025,Online,76.57
1252,CRS017,Offline,98.15
1252,CRS098,Offline,86.53
1253,CRS040,Online,64.12
1253,CRS053,Offline,95.3
1253,CRS074,Online,96.05
1253,CRS052,Online,73.14
1253,CRS063,Online,97.58
1254,CRS037,Online,76.49
1254,CRS086,Offline,61.7
1254,CRS030,Online,68.14
1255,CRS074,Online,76.08
1255,CRS005,Online,84.03
1255,CRS018,Offline,82.01
1255,CRS069,Offline,93.32
1255,CRS015,Offline,90.09
1256,CRS015,Offline,98.06
1256,CRS079,Online,85.66
1256,CRS030,Offline,85.25
1257,CRS005,Offline,97.48
1257,CRS031,Online,88.77
1257,CRS046,Offline,94.34
1258,CRS099,Offline,65.3
1258,CRS043,Online,81.22
1258,CRS042,Online,69.6
1259,CRS074,Online,99.77
1259,CRS020,Offline,67.78
1259,CRS053,Offline,71.22
1260,CRS053,Online,85.68
1260,CRS063,Offline,99.93
1260,CRS093,Offline,96.0
1261,CRS017,Online,71.93
1261,CRS001,Offline,68.6
1261,CRS035,Online,83.42
1262,CRS036,Online,60.36
1262,CRS085,Offline,82.8
1262,CRS031,Offline,92.92
1263,CRS024,Online,65.27
1263,CRS049,Offline,69.69
1263,CRS055,Offline,65.32
1263,CRS072,Offline,61.68
1263,CRS083,Offline,68.89
1264,CRS024,Offline,91.16
1264,CRS051,Offline,87.19
1264,CRS006,Online,94.95
1264,CRS038,Offline,93.62
1265,CRS044,Offline,99.92
1265,CRS021,Online,80.71
1265,CRS047,Offline,97.56
1265,CRS074,Offline,76.44
1265,CRS065,Online,98.43
1266,CRS064,Offline,92.27
1266,CRS001,Offline,71.35
1266,CRS048,Online,65.17
1267,CRS045,Online,89.94
1267,CRS093,Offline,67.44
1267,CRS071,Offline,67.38
1267,CRS059,Offline,82.55
1267,CRS013,Online,60.44
1268,CRS052,Offline,67.08
1268,CRS022,Offline,75.08
1268,CRS041,Online,83.52
1268,CRS042,Online,68.61
1269,CRS055,Offline,84.44
1269,CRS065,Offline,96.65
1269,CRS040,Offline,60.49
1269,CRS025,Online,69.88
1269,CRS014,Online,61.95
1270,CRS036,Online,84.12
1270,CRS010,Online,99.04
1270,CRS006,Online,66.19
1270,CRS014,Online,76.1
1271,CRS017,Offline,71.9
1271,CRS098,Offline,97.2
1272,CRS081,Online,98.26
1272,CRS063,Offline,89.65
1272,CRS076,Online,94.12
1273,CRS021,Online,68.17
1273,CRS071,Offline,72.86
1273,CRS025,Offline,65.3
1273,CRS006,Offline,85.78
1274,CRS086,Offline,96.34
1274,CRS057,Offline,84.84
1274,CRS009,Online,62.22
1274,CRS076,Online,69.34
1274,CRS095,Online,61.24
1275,CRS072,Offline,82.35
1275,CRS083,Offline,65.0
1275,CRS055,Online,85.96
1275,CRS024,Offline,76.09
1276,CRS008,Offline,69.84
1276,CRS012,Online,77.94
1276,CRS039,Offline,76.36
1277,CRS079,Online,72.38
1277,CRS072,Offline,79.63
1277,CRS036,Online,88.43
1277,CRS023,Offline,69.02
1277,CRS031,Online,86.27
1278,CRS086,Online,60.51
1278,CRS081,Offline,79.61
1278,CRS044,Online,85.69
1278,CRS061,Online,79.85
1279,CRS005,Online,98.64
1279,CRS016,Online,87.8
1279,CRS090,Online,83.63
1279,CRS100,Offline,67.74
1280,CRS022,Online,92.41
1280,CRS046,Offline,71.0
1280,CRS042,Offline,71.46
1280,CRS059,Online,91.19
1281,CRS063,Offline,94.64
1281,CRS020,Online,72.61
1281,CRS050,Online,96.92
1281,CRS053,Online,87.67
1282,CRS075,Offline,85.19
1282,CRS052,Offline,63.59
1282,CRS010,Online,98.44
1282,CRS084,Online,94.56
1283,CRS063,Online,98.86
1283,CRS010,Online,84.2
1283,CRS023,Online,82.33
1283,CRS068,Offline,80.36
1283,CRS041,Offline,73.85
1284,CRS018,Offline,70.85
1284,CRS087,Offline,86.76
1284,CRS088,Online,84.09
1284,CRS063,Online,96.87
1284,CRS023,Online,85.86
1285,CRS032,Online,95.69
1285,CRS097,Online,88.67
1285,CRS066,Offline,95.71
1285,CRS096,Online,81.58
1286,CRS023,Online,63.26
1286,CRS073,Online,87.24
1286,CRS076,Offline,75.75
1287,CRS001,Offline,96.61
1287,CRS048,Offline,87.38
1287,CRS061,Offline,85.13
1288,CRS003,Offline,72.87
1288,CRS020,Offline,63.62
1288,CRS016,Offline,71.3
1288,CRS091,Offline,88.37
1288,CRS013,Online,94.68
1289,CRS036,Online,62.22
1289,CRS059,Online,84.2
1289,CRS093,Offline,72.0
1289,CRS098,Online,80.13
1289,CRS013,Online,90.48
1290,CRS085,Offline,99.7
1290,CRS001,Online,83.86
1290,CRS069,Online,99.16
1290,CRS072,Online,83.98
1291,CRS018,Online,67.99
1291,CRS081,Online,92.43
1291,CRS063,Offline,64.01
1291,CRS023,Offline,81.48
1291,CRS088,Offline,82.44
1292,CRS026,Online,64.46
1292,CRS080,Offline,61.29
1292,CRS028,Offline,91.95
1292,CRS025,Online,65.87
1293,CRS073,Offline,79.1
1293,CRS086,Offline,74.53
1293,CRS076,Offline,71.85
1293,CRS030,Online,94.54
1294,CRS032,Offline,75.62
1294,CRS095,Online,92.91
1294,CRS005,Offline,89.17
1294,CRS075,Offline,76.85
1294,CRS052,Offline,92.16
1295,CRS026,Offline,88.12
1295,CRS086,Offline,96.91
1295,CRS009,Offline,69.28
1295,CRS089,Online,65.51
1296,CRS002,Online,74.96
1296,CRS059,Offline,60.24
1296,CRS011,Offline,80.68
1296,CRS081,Online,73.23
1297,CRS058,Offline,75.83
1297,CRS018,Offline,93.17
1297,CRS011,Offline,61.76
1298,CRS081,Online,84.95
1298,CRS086,Online,60.44
1298,CRS017,Online,83.47
1298,CRS061,Online,99.54
1298,CRS023,Online,92.22
1299,CRS017,Offline,65.41
1299,CRS098,Offline,73.56
1300,CRS045,Offline,87.84
1300,CRS089,Offline,69.25
1300,CRS086,Online,82.98
1300,CRS026,Online,98.77
1300,CRS057,Online,61.98
