UserID,Role
1,Admin
1,Instructor
1,Student
2,Admin
2,Instructor
2,Student
3,Admin
3,Instructor
3,Student
4,Admin
4,Instructor
4,Student
5,Admin
5,Instructor
5,Student
6,Admin
6,Instructor
6,Student
7,Admin
7,Instructor
7,Student
8,Admin
8,Instructor
8,Student
9,Admin
9,Instructor
9,Student
10,Admin
10,Instructor
10,Student
11,Admin
11,Instructor
11,Student
12,Admin
12,Instructor
12,Student
13,Admin
13,Instructor
13,Student
14,Admin
14,Instructor
14,Student
15,Admin
15,Instructor
15,Student
16,Admin
16,Instructor
16,Student
17,Admin
17,Instructor
17,Student
18,Admin
18,Instructor
18,Student
19,Admin
19,Instructor
19,Student
20,Admin
20,Instructor
20,Student
21,Admin
21,Instructor
21,Student
22,Admin
22,Instructor
22,Student
23,Admin
23,Instructor
23,Student
24,Admin
24,Instructor
24,Student
25,Admin
25,Instructor
25,Student
26,Admin
26,Instructor
26,Student
27,Admin
27,Instructor
27,Student
28,Admin
28,Instructor
28,Student
29,Admin
29,Instructor
29,Student
30,Admin
30,Instructor
30,Student
31,Admin
31,Instructor
31,Student
32,Admin
32,Instructor
32,Student
33,Admin
33,Instructor
33,Student
34,Admin
34,Instructor
34,Student
35,Admin
35,Instructor
35,Student
36,Admin
36,Instructor
36,Student
37,Admin
37,Instructor
37,Student
38,Admin
38,Instructor
38,Student
39,Admin
39,Instructor
39,Student
40,Admin
40,Instructor
40,Student
41,Admin
41,Instructor
41,Student
42,Admin
42,Instructor
42,Student
43,Admin
43,Instructor
43,Student
44,Admin
44,Instructor
44,Student
45,Admin
45,Instructor
45,Student
46,Admin
46,Instructor
46,Student
47,Admin
47,Instructor
47,Student
48,Admin
48,Instructor
48,Student
49,Admin
49,Instructor
49,Student
50,Admin
50,Instructor
50,Student
51,Admin
51,Instructor
51,Student
52,Admin
52,Instructor
52,Student
53,Admin
53,Instructor
53,Student
54,Admin
54,Instructor
54,Student
55,Admin
55,Instructor
55,Student
56,Admin
56,Instructor
56,Student
57,Admin
57,Instructor
57,Student
58,Admin
58,Instructor
58,Student
59,Admin
59,Instructor
59,Student
60,Admin
60,Instructor
60,Student
61,Admin
61,Instructor
61,Student
62,Admin
62,Instructor
62,Student
63,Admin
63,Instructor
63,Student
64,Admin
64,Instructor
64,Student
65,Admin
65,Instructor
65,Student
66,Admin
66,Instructor
66,Student
67,Admin
67,Instructor
67,Student
68,Admin
68,Instructor
68,Student
69,Admin
69,Instructor
69,Student
70,Admin
70,Instructor
70,Student
71,Admin
71,Instructor
71,Student
72,Admin
72,Instructor
72,Student
73,Admin
73,Instructor
73,Student
74,Admin
74,Instructor
74,Student
75,Admin
75,Instructor
75,Student
76,Admin
76,Instructor
76,Student
77,Admin
77,Instructor
77,Student
78,Admin
78,Instructor
78,Student
79,Admin
79,Instructor
79,Student
80,Admin
80,Instructor
80,Student
81,Admin
81,Instructor
81,Student
82,Admin
82,Instructor
82,Student
83,Admin
83,Instructor
83,Student
84,Admin
84,Instructor
84,Student
85,Admin
85,Instructor
85,Student
86,Admin
86,Instructor
86,Student
87,Admin
87,Instructor
87,Student
88,Admin
88,Instructor
88,Student
89,Admin
89,Instructor
89,Student
90,Admin
90,Instructor
90,Student
91,Admin
91,Instructor
91,Student
92,Admin
92,Instructor
92,Student
93,Admin
93,Instructor
93,Student
94,Admin
94,Instructor
94,Student
95,Admin
95,Instructor
95,Student
96,Admin
96,Instructor
96,Student
97,Admin
97,Instructor
97,Student
98,Admin
98,Instructor
98,Student
99,Admin
99,Instructor
99,Student
100,Admin
100,Instructor
100,Student
101,Instructor
102,Instructor
103,Instructor
104,Instructor
105,Instructor
106,Instructor
107,Instructor
108,Instructor
109,Instructor
110,Instructor
111,Instructor
112,Instructor
113,Instructor
114,Instructor
115,Instructor
116,Instructor
117,Instructor
118,Instructor
119,Instructor
120,Instructor
121,Instructor
122,Instructor
123,Instructor
124,Instructor
125,Instructor
126,Instructor
127,Instructor
128,Instructor
129,Instructor
130,Instructor
131,Instructor
132,Instructor
133,Instructor
134,Instructor
135,Instructor
136,Instructor
137,Instructor
138,Instructor
139,Instructor
140,Instructor
141,Instructor
142,Instructor
143,Instructor
144,Instructor
145,Instructor
146,Instructor
147,Instructor
148,Instructor
149,Instructor
150,Instructor
151,Instructor
152,Instructor
153,Instructor
154,Instructor
155,Instructor
156,Instructor
157,Instructor
158,Instructor
159,Instructor
160,Instructor
161,Instructor
162,Instructor
163,Instructor
164,Instructor
165,Instructor
166,Instructor
167,Instructor
168,Instructor
169,Instructor
170,Instructor
171,Instructor
172,Instructor
173,Instructor
174,Instructor
175,Instructor
176,Instructor
177,Instructor
178,Instructor
179,Instructor
180,Instructor
181,Instructor
182,Instructor
183,Instructor
184,Instructor
185,Instructor
186,Instructor
187,Instructor
188,Instructor
189,Instructor
190,Instructor
191,Instructor
192,Instructor
193,Instructor
194,Instructor
195,Instructor
196,Instructor
197,Instructor
198,Instructor
199,Instructor
200,Instructor
201,Instructor
202,Instructor
203,Instructor
204,Instructor
205,Instructor
206,Instructor
207,Instructor
208,Instructor
209,Instructor
210,Instructor
211,Instructor
212,Instructor
213,Instructor
214,Instructor
215,Instructor
216,Instructor
217,Instructor
218,Instructor
219,Instructor
220,Instructor
221,Instructor
222,Instructor
223,Instructor
224,Instructor
225,Instructor
226,Instructor
227,Instructor
228,Instructor
229,Instructor
230,Instructor
231,Instructor
232,Instructor
233,Instructor
234,Instructor
235,Instructor
236,Instructor
237,Instructor
238,Instructor
239,Instructor
240,Instructor
241,Instructor
242,Instructor
243,Instructor
244,Instructor
245,Instructor
246,Instructor
247,Instructor
248,Instructor
249,Instructor
250,Instructor
251,Instructor
252,Instructor
253,Instructor
254,Instructor
255,Instructor
256,Instructor
257,Instructor
258,Instructor
259,Instructor
260,Instructor
261,Instructor
262,Instructor
263,Instructor
264,Instructor
265,Instructor
266,Instructor
267,Instructor
268,Instructor
269,Instructor
270,Instructor
271,Instructor
272,Instructor
273,Instructor
274,Instructor
275,Instructor
276,Instructor
277,Instructor
278,Instructor
279,Instructor
280,Instructor
281,Instructor
282,Instructor
283,Instructor
284,Instructor
285,Instructor
286,Instructor
287,Instructor
288,Instructor
289,Instructor
290,Instructor
291,Instructor
292,Instructor
293,Instructor
294,Instructor
295,Instructor
296,Instructor
297,Instructor
298,Instructor
299,Instructor
300,Instructor
301,Student
302,Student
303,Student
304,Student
305,Student
306,Student
307,Student
308,Student
309,Student
310,Student
311,Student
312,Student
313,Student
314,Student
315,Student
316,Student
317,Student
318,Student
319,Student
320,Student
321,Student
322,Student
323,Student
324,Student
325,Student
326,Student
327,Student
328,Student
329,Student
330,Student
331,Student
332,Student
333,Student
334,Student
335,Student
336,Student
337,Student
338,Student
339,Student
340,Student
341,Student
342,Student
343,Student
344,Student
345,Student
346,Student
347,Student
348,Student
349,Student
350,Student
351,Student
352,Student
353,Student
354,Student
355,Student
356,Student
357,Student
358,Student
359,Student
360,Student
361,Student
362,Student
363,Student
364,Student
365,Student
366,Student
367,Student
368,Student
369,Student
370,Student
371,Student
372,Student
373,Student
374,Student
375,Student
376,Student
377,Student
378,Student
379,Student
380,Student
381,Student
382,Student
383,Student
384,Student
385,Student
386,Student
387,Student
388,Student
389,Student
390,Student
391,Student
392,Student
393,Student
394,Student
395,Student
396,Student
397,Student
398,Student
399,Student
400,Student
401,Student
402,Student
403,Student
404,Student
405,Student
406,Student
407,Student
408,Student
409,Student
410,Student
411,Student
412,Student
413,Student
414,Student
415,Student
416,Student
417,Student
418,Student
419,Student
420,Student
421,Student
422,Student
423,Student
424,Student
425,Student
426,Student
427,Student
428,Student
429,Student
430,Student
431,Student
432,Student
433,Student
434,Student
435,Student
436,Student
437,Student
438,Student
439,Student
440,Student
441,Student
442,Student
443,Student
444,Student
445,Student
446,Student
447,Student
448,Student
449,Student
450,Student
451,Student
452,Student
453,Student
454,Student
455,Student
456,Student
457,Student
458,Student
459,Student
460,Student
461,Student
462,Student
463,Student
464,Student
465,Student
466,Student
467,Student
468,Student
469,Student
470,Student
471,Student
472,Student
473,Student
474,Student
475,Student
476,Student
477,Student
478,Student
479,Student
480,Student
481,Student
482,Student
483,Student
484,Student
485,Student
486,Student
487,Student
488,Student
489,Student
490,Student
491,Student
492,Student
493,Student
494,Student
495,Student
496,Student
497,Student
498,Student
499,Student
500,Student
501,Student
502,Student
503,Student
504,Student
505,Student
506,Student
507,Student
508,Student
509,Student
510,Student
511,Student
512,Student
513,Student
514,Student
515,Student
516,Student
517,Student
518,Student
519,Student
520,Student
521,Student
522,Student
523,Student
524,Student
525,Student
526,Student
527,Student
528,Student
529,Student
530,Student
531,Student
532,Student
533,Student
534,Student
535,Student
536,Student
537,Student
538,Student
539,Student
540,Student
541,Student
542,Student
543,Student
544,Student
545,Student
546,Student
547,Student
548,Student
549,Student
550,Student
551,Student
552,Student
553,Student
554,Student
555,Student
556,Student
557,Student
558,Student
559,Student
560,Student
561,Student
562,Student
563,Student
564,Student
565,Student
566,Student
567,Student
568,Student
569,Student
570,Student
571,Student
572,Student
573,Student
574,Student
575,Student
576,Student
577,Student
578,Student
579,Student
580,Student
581,Student
582,Student
583,Student
584,Student
585,Student
586,Student
587,Student
588,Student
589,Student
590,Student
591,Student
592,Student
593,Student
594,Student
595,Student
596,Student
597,Student
598,Student
599,Student
600,Student
601,Student
602,Student
603,Student
604,Student
605,Student
606,Student
607,Student
608,Student
609,Student
610,Student
611,Student
612,Student
613,Student
614,Student
615,Student
616,Student
617,Student
618,Student
619,Student
620,Student
621,Student
622,Student
623,Student
624,Student
625,Student
626,Student
627,Student
628,Student
629,Student
630,Student
631,Student
632,Student
633,Student
634,Student
635,Student
636,Student
637,Student
638,Student
639,Student
640,Student
641,Student
642,Student
643,Student
644,Student
645,Student
646,Student
647,Student
648,Student
649,Student
650,Student
651,Student
652,Student
653,Student
654,Student
655,Student
656,Student
657,Student
658,Student
659,Student
660,Student
661,Student
662,Student
663,Student
664,Student
665,Student
666,Student
667,Student
668,Student
669,Student
670,Student
671,Student
672,Student
673,Student
674,Student
675,Student
676,Student
677,Student
678,Student
679,Student
680,Student
681,Student
682,Student
683,Student
684,Student
685,Student
686,Student
687,Student
688,Student
689,Student
690,Student
691,Student
692,Student
693,Student
694,Student
695,Student
696,Student
697,Student
698,Student
699,Student
700,Student
701,Student
702,Student
703,Student
704,Student
705,Student
706,Student
707,Student
708,Student
709,Student
710,Student
711,Student
712,Student
713,Student
714,Student
715,Student
716,Student
717,Student
718,Student
719,Student
720,Student
721,Student
722,Student
723,Student
724,Student
725,Student
726,Student
727,Student
728,Student
729,Student
730,Student
731,Student
732,Student
733,Student
734,Student
735,Student
736,Student
737,Student
738,Student
739,Student
740,Student
741,Student
742,Student
743,Student
744,Student
745,Student
746,Student
747,Student
748,Student
749,Student
750,Student
751,Student
752,Student
753,Student
754,Student
755,Student
756,Student
757,Student
758,Student
759,Student
760,Student
761,Student
762,Student
763,Student
764,Student
765,Student
766,Student
767,Student
768,Student
769,Student
770,Student
771,Student
772,Student
773,Student
774,Student
775,Student
776,Student
777,Student
778,Student
779,Student
780,Student
781,Student
782,Student
783,Student
784,Student
785,Student
786,Student
787,Student
788,Student
789,Student
790,Student
791,Student
792,Student
793,Student
794,Student
795,Student
796,Student
797,Student
798,Student
799,Student
800,Student
801,Student
802,Student
803,Student
804,Student
805,Student
806,Student
807,Student
808,Student
809,Student
810,Student
811,Student
812,Student
813,Student
814,Student
815,Student
816,Student
817,Student
818,Student
819,Student
820,Student
821,Student
822,Student
823,Student
824,Student
825,Student
826,Student
827,Student
828,Student
829,Student
830,Student
831,Student
832,Student
833,Student
834,Student
835,Student
836,Student
837,Student
838,Student
839,Student
840,Student
841,Student
842,Student
843,Student
844,Student
845,Student
846,Student
847,Student
848,Student
849,Student
850,Student
851,Student
852,Student
853,Student
854,Student
855,Student
856,Student
857,Student
858,Student
859,Student
860,Student
861,Student
862,Student
863,Student
864,Student
865,Student
866,Student
867,Student
868,Student
869,Student
870,Student
871,Student
872,Student
873,Student
874,Student
875,Student
876,Student
877,Student
878,Student
879,Student
880,Student
881,Student
882,Student
883,Student
884,Student
885,Student
886,Student
887,Student
888,Student
889,Student
890,Student
891,Student
892,Student
893,Student
894,Student
895,Student
896,Student
897,Student
898,Student
899,Student
900,Student
901,Student
902,Student
903,Student
904,Student
905,Student
906,Student
907,Student
908,Student
909,Student
910,Student
911,Student
912,Student
913,Student
914,Student
915,Student
916,Student
917,Student
918,Student
919,Student
920,Student
921,Student
922,Student
923,Student
924,Student
925,Student
926,Student
927,Student
928,Student
929,Student
930,Student
931,Student
932,Student
933,Student
934,Student
935,Student
936,Student
937,Student
938,Student
939,Student
940,Student
941,Student
942,Student
943,Student
944,Student
945,Student
946,Student
947,Student
948,Student
949,Student
950,Student
951,Student
952,Student
953,Student
954,Student
955,Student
956,Student
957,Student
958,Student
959,Student
960,Student
961,Student
962,Student
963,Student
964,Student
965,Student
966,Student
967,Student
968,Student
969,Student
970,Student
971,Student
972,Student
973,Student
974,Student
975,Student
976,Student
977,Student
978,Student
979,Student
980,Student
981,Student
982,Student
983,Student
984,Student
985,Student
986,Student
987,Student
988,Student
989,Student
990,Student
991,Student
992,Student
993,Student
994,Student
995,Student
996,Student
997,Student
998,Student
999,Student
1000,Student
1001,Student
1002,Student
1003,Student
1004,Student
1005,Student
1006,Student
1007,Student
1008,Student
1009,Student
1010,Student
1011,Student
1012,Student
1013,Student
1014,Student
1015,Student
1016,Student
1017,Student
1018,Student
1019,Student
1020,Student
1021,Student
1022,Student
1023,Student
1024,Student
1025,Student
1026,Student
1027,Student
1028,Student
1029,Student
1030,Student
1031,Student
1032,Student
1033,Student
1034,Student
1035,Student
1036,Student
1037,Student
1038,Student
1039,Student
1040,Student
1041,Student
1042,Student
1043,Student
1044,Student
1045,Student
1046,Student
1047,Student
1048,Student
1049,Student
1050,Student
1051,Student
1052,Student
1053,Student
1054,Student
1055,Student
1056,Student
1057,Student
1058,Student
1059,Student
1060,Student
1061,Student
1062,Student
1063,Student
1064,Student
1065,Student
1066,Student
1067,Student
1068,Student
1069,Student
1070,Student
1071,Student
1072,Student
1073,Student
1074,Student
1075,Student
1076,Student
1077,Student
1078,Student
1079,Student
1080,Student
1081,Student
1082,Student
1083,Student
1084,Student
1085,Student
1086,Student
1087,Student
1088,Student
1089,Student
1090,Student
1091,Student
1092,Student
1093,Student
1094,Student
1095,Student
1096,Student
1097,Student
1098,Student
1099,Student
1100,Student
1101,Student
1102,Student
1103,Student
1104,Student
1105,Student
1106,Student
1107,Student
1108,Student
1109,Student
1110,Student
1111,Student
1112,Student
1113,Student
1114,Student
1115,Student
1116,Student
1117,Student
1118,Student
1119,Student
1120,Student
1121,Student
1122,Student
1123,Student
1124,Student
1125,Student
1126,Student
1127,Student
1128,Student
1129,Student
1130,Student
1131,Student
1132,Student
1133,Student
1134,Student
1135,Student
1136,Student
1137,Student
1138,Student
1139,Student
1140,Student
1141,Student
1142,Student
1143,Student
1144,Student
1145,Student
1146,Student
1147,Student
1148,Student
1149,Student
1150,Student
1151,Student
1152,Student
1153,Student
1154,Student
1155,Student
1156,Student
1157,Student
1158,Student
1159,Student
1160,Student
1161,Student
1162,Student
1163,Student
1164,Student
1165,Student
1166,Student
1167,Student
1168,Student
1169,Student
1170,Student
1171,Student
1172,Student
1173,Student
1174,Student
1175,Student
1176,Student
1177,Student
1178,Student
1179,Student
1180,Student
1181,Student
1182,Student
1183,Student
1184,Student
1185,Student
1186,Student
1187,Student
1188,Student
1189,Student
1190,Student
1191,Student
1192,Student
1193,Student
1194,Student
1195,Student
1196,Student
1197,Student
1198,Student
1199,Student
1200,Student
1201,Student
1202,Student
1203,Student
1204,Student
1205,Student
1206,Student
1207,Student
1208,Student
1209,Student
1210,Student
1211,Student
1212,Student
1213,Student
1214,Student
1215,Student
1216,Student
1217,Student
1218,Student
1219,Student
1220,Student
1221,Student
1222,Student
1223,Student
1224,Student
1225,Student
1226,Student
1227,Student
1228,Student
1229,Student
1230,Student
1231,Student
1232,Student
1233,Student
1234,Student
1235,Student
1236,Student
1237,Student
1238,Student
1239,Student
1240,Student
1241,Student
1242,Student
1243,Student
1244,Student
1245,Student
1246,Student
1247,Student
1248,Student
1249,Student
1250,Student
1251,Student
1252,Student
1253,Student
1254,Student
1255,Student
1256,Student
1257,Student
1258,Student
1259,Student
1260,Student
1261,Student
1262,Student
1263,Student
1264,Student
1265,Student
1266,Student
1267,Student
1268,Student
1269,Student
1270,Student
1271,Student
1272,Student
1273,Student
1274,Student
1275,Student
1276,Student
1277,Student
1278,Student
1279,Student
1280,Student
1281,Student
1282,Student
1283,Student
1284,Student
1285,Student
1286,Student
1287,Student
1288,Student
1289,Student
1290,Student
1291,Student
1292,Student
1293,Student
1294,Student
1295,Student
1296,Student
1297,Student
1298,Student
1299,Student
1300,Student
